type,gene.name,id,baseMean,log2FoldChange,lfcSE,stat,pvalue,padj
Endogenous,FOS,NM_005252.2,8357.183333333332,4.259101097682426,0.18845710273189792,22.59984386866804,4.3490668816565013e-113,2.6790251991004047e-110
Endogenous,NR4A1,NM_173157.1,1382.6277777777777,3.377575004355432,0.17652355236712913,19.13384904769443,1.3196142573580644e-81,4.0644119126628386e-79
Endogenous,NR4A3,NM_173198.1,265.8833333333333,2.6048868694851204,0.17528281730422654,14.861050897898306,5.899247784792584e-50,1.211312211810744e-47
Endogenous,KLF4,NM_004235.4,1016.2277777777778,1.6864830081006827,0.13764664110284316,12.252264164155093,1.6337018487230115e-34,2.5159008470334375e-32
Endogenous,ITGA7,NM_002206.1,271.9888888888889,1.7565374196569212,0.1470172098829282,11.947835366047796,6.663834398834747e-33,8.209843979364408e-31
Endogenous,FLNC,NM_001127487.1,400.02222222222224,1.8847177346628512,0.16973747618015758,11.103721918561059,1.2032643095662587e-28,1.235351357821359e-26
Endogenous,SPRY1,NM_005841.1,514.6666666666666,1.3028509765184249,0.1246957668994258,10.448237409448293,1.492736004299075e-25,1.313607683783186e-23
Endogenous,IGF1,NM_000618.3,862.2722222222222,1.7792912112169408,0.1726885994768302,10.303466567031078,6.796694982550636e-25,5.2334551365639895e-23
Endogenous,SOCS3,NM_003955.3,1324.85,1.68254423657776,0.16564541294166168,10.157505763050208,3.068253045467118e-24,2.1000487511197164e-22
Endogenous,JUN,NM_002228.3,1485,1.4232600625392013,0.1419428066195096,10.02699676324125,1.1599099354378285e-23,7.145045202297023e-22
Endogenous,GADD45B,NM_015675.2,2105.2166666666667,1.2270363198987653,0.12281241035771796,9.991142721853224,1.6664938601095627e-23,9.33236561661355e-22
Endogenous,TSPAN7,NM_004615.3,203.59444444444443,1.4944682944430503,0.1546221525382965,9.665292261876276,4.234096215858051e-22,2.1735027241404662e-20
Endogenous,STAT1,NM_007315.2,4402.077777777778,-1.4709141573283921,0.15340983296391222,-9.58813479494764,8.969172171872412e-22,4.250007736825697e-20
Endogenous,POLR2D,NM_004805.3,722.8444444444444,-0.664182112849623,0.07297558460437953,-9.101429148534194,8.915087505713817e-20,3.9226385025140796e-18
Endogenous,H2AFX,NM_002105.2,715.0944444444444,-0.886976498708185,0.09879749226051748,-8.977722798563866,2.7642848642533983e-19,1.1351996509200624e-17
Endogenous,RUNX1T1,NM_004349.2,517.95,1.2579957806480366,0.14119098360769103,8.909887504881087,5.108437028713176e-19,1.966748256054573e-17
Endogenous,CDC6,NM_001254.3,545.6666666666666,-1.7974588747228832,0.2029092513364279,-8.858437271263979,8.114387637029703e-19,2.940272226123704e-17
Endogenous,PDGFD,NM_025208.4,545.55,1.2343747660907207,0.14133962193906613,8.733395131217206,2.4713985445629068e-18,8.4576750191708365e-17
Endogenous,SFRP4,NM_003014.2,2941.483333333333,1.7148530769939931,0.2018213634554952,8.496885798574764,1.9474486499650603e-17,6.313833517781458e-16
Endogenous,NGFR,NM_002507.1,567.1888888888889,1.4621982974557473,0.17224426517677047,8.489097131652688,2.0824861772434078e-17,6.414057425909696e-16
Endogenous,DNMT3A,NM_022552.3,1002.0222222222222,-0.5926359093792966,0.07039775834306347,-8.418391768829538,3.816875559827954e-17,1.1196168308828665e-15
Endogenous,CCNE2,NM_057735.1,215.4777777777778,-1.3067270447321544,0.16204261417391458,-8.064095061621819,7.378033291019295e-16,2.0658493214854024e-14
Endogenous,LIFR,NM_002310.3,652.5111111111111,1.1283309629901053,0.14038665160128835,8.037309460123561,9.18325385802357e-16,2.4595149463228347e-14
Endogenous,HELLS,NM_018063.3,441.3,-1.0476920148950917,0.135862341798726,-7.711423202517741,1.2442232201402234e-14,3.1935062650265735e-13
Endogenous,ETS2,NM_005239.4,1595.0444444444445,0.8217651587216465,0.10668875640535672,7.7024532519566105,1.3347845647160075e-14,3.2889091674602426e-13
Endogenous,SOX17,NM_022454.3,172.7888888888889,0.9825029558907356,0.12817482174284503,7.665335067615031,1.7836493852927183e-14,4.225877005155056e-13
Endogenous,DKK2,NM_014421.2,106.89444444444445,1.2283004628230592,0.161220839037463,7.618745009369651,2.5615390585829485e-14,5.844103926248504e-13
Endogenous,SMARCA4,NM_003072.3,1786.161111111111,-0.6409812075408434,0.08501977254721098,-7.5392016273027584,4.7285738510825355e-14,1.0202138583101397e-12
Endogenous,EZH2,NM_004456.3,635.1777777777778,-1.0094788574070592,0.1339334814951088,-7.537165809013372,4.8029548524340986e-14,1.0202138583101397e-12
Housekeeping,SAP130,NM_024545.3,664.1222222222223,-0.4936860789724135,0.06601983099458505,-7.477845240362788,7.555109147900388e-14,1.5513157450355464e-12
Endogenous,PPARG,NM_015869.3,248.10555555555555,0.9876138224101599,0.1336366710585706,7.390290513726626,1.4650835381746007e-13,2.8298827362994273e-12
Endogenous,ERBB2,NM_004448.2,11249.272222222222,-2.134933279878357,0.28890119653682067,-7.3898388288823105,1.4700689539217805e-13,2.8298827362994273e-12
Endogenous,DUSP2,NM_004418.3,165.28333333333333,0.9563954621399718,0.12965838875848362,7.376271379721231,1.627840388692055e-13,3.0386353922251693e-12
Endogenous,MSH2,NM_000251.1,739.6222222222223,-0.7176786151489195,0.09755538326652992,-7.356627498332492,1.8861472710197518e-13,3.4172550557299034e-12
Endogenous,SPRY2,NM_005842.2,533.3722222222223,0.902717191872294,0.12341958137185238,7.314213691525061,2.5889287027548206e-13,4.556514516848485e-12
Endogenous,SMAD9,NM_005905.2,177.26666666666668,0.9131546960489318,0.1261185415549206,7.2404476359352925,4.472062316118569e-13,7.652195518691773e-12
Endogenous,BRIP1,NM_032043.1,375.53333333333336,-1.046398382527117,0.14529344875190364,-7.201965343350741,5.935078017349374e-13,9.881102861316796e-12
Endogenous,PHF6,NM_032335.3,572.9111111111112,-0.7419897173139448,0.10423152802567345,-7.118668711555145,1.0897448840110771e-12,1.7665338119758514e-11
Endogenous,LEPR,NM_001003679.1,393.8611111111111,1.0868600234311447,0.15732549772272336,6.90835267749586,4.903138087880585e-12,7.744443749062669e-11
Endogenous,ATR,NM_001184.2,767.0944444444444,-0.5042097578669661,0.07317987947093853,-6.890005306270008,5.579030689058567e-12,8.591707261150194e-11
Endogenous,GADD45A,NM_001924.2,900.4722222222222,0.7167785981154252,0.10638035245902079,6.737885159682456,1.6070850309895557e-11,2.414547266072113e-10
Endogenous,CACNG4,NM_014405.2,663.2166666666667,-1.5838936530610321,0.23616719511519518,-6.706662423155159,1.9912618667833584e-11,2.906480431078532e-10
Housekeeping,EDC3,NM_001142443.1,966.5666666666667,-0.33982076820182777,0.050689784409799994,-6.703930035577924,2.0288743268892348e-11,2.906480431078532e-10
Endogenous,FGF2,NM_002006.4,353.1222222222222,1.1344306275871794,0.17052387828178042,6.652620377966077,2.8792015346634658e-11,4.030882148528852e-10
Endogenous,ITGA8,NM_003638.1,113.03333333333333,1.1234559861368785,0.16903387426265018,6.646336369189628,3.00478148010185e-11,4.113211981650532e-10
Endogenous,CACNB3,NM_000725.2,430.26666666666665,-0.6409692102712236,0.0970632253630337,-6.6036257076136184,4.0122176825202076e-11,5.363245828575501e-10
Endogenous,BRCA2,NM_000059.3,243.11666666666667,-0.8392482661933848,0.12714525785707076,-6.600704425302424,4.092086914659879e-11,5.363245828575501e-10
Endogenous,LIG4,NM_002312.3,318.1166666666667,-0.5662947818920803,0.08615147166811503,-6.573245597865602,4.923015403396756e-11,6.317869767692503e-10
Endogenous,CDKN1C,NM_000076.2,674.6722222222222,0.8565177036062354,0.13039592151476018,6.568592741677751,5.0792993639623834e-11,6.385404914695567e-10
Endogenous,MYD88,NM_002468.3,1504.2833333333333,-0.5851213810386626,0.08944587081439259,-6.541625406642155,6.085377354173794e-11,7.497184900342114e-10
Endogenous,PIK3R3,NM_003629.3,1262.4166666666667,-0.8053258974940405,0.12364464630479254,-6.513229012025777,7.355223911221469e-11,8.88395672414201e-10
Endogenous,CHUK,NM_001278.3,840.7888888888889,-0.399663581279754,0.06154083285757805,-6.4942829455149305,8.342981870059043e-11,9.883224676839174e-10
Endogenous,COL11A1,NM_001854.3,2381.3055555555557,-1.580437741814477,0.24368508117652304,-6.485574472528434,8.839432346338562e-11,1.0273755330838782e-9
Housekeeping,MRPS5,NM_031902.3,1103.1944444444443,-0.5115220750419545,0.07948145539321977,-6.435741173979437,1.2287225896705523e-10,1.401653917105667e-9
Endogenous,OSM,NM_020530.3,97.55,0.8459440236390499,0.1316351161431667,6.426431247411207,1.306344645040145e-10,1.4631060024449624e-9
Endogenous,DAXX,NM_001350.3,1067.4277777777777,-0.4804425907879258,0.07490484409947329,-6.414038992590389,1.417139360731791e-10,1.5588532968049703e-9
Endogenous,E2F1,NM_005225.1,257.15555555555557,-1.0557918331015708,0.16486610233245924,-6.403935182336775,1.5142241678765663e-10,1.636424714757833e-9
Endogenous,POLR2H,NM_001278698.1,1270.6944444444443,-0.5339938477986499,0.08363224328637817,-6.385023608300432,1.7137102909834536e-10,1.8200785159410473e-9
Endogenous,IL11RA,NM_147162.1,421.7888888888889,0.82570592757267125,0.13001577703620967,6.35081331200836,2.141795075611323e-10,2.2361792653840256e-9
Endogenous,AXIN1,NM_181050.1,844.2444444444444,-0.4205287020041636,0.06631449938926977,-6.3414291878407605,2.2764338651212774e-10,2.3371387681911783e-9
Endogenous,ETV7,NM_016135.2,200.9777777777778,-0.9376136802600842,0.14821929587691943,-6.325854368102477,2.5183524620121705e-10,2.5431231419663888e-9
Endogenous,TRAF7,NM_032271.2,2460.238888888889,-0.4475873128911203,0.0708640452216471,-6.316141161447471,2.681751093485112e-10,2.6644494735271434e-9
Endogenous,KMT2D,NM_003482.3,1351.6222222222223,-0.4078561452972251,0.06473931860534685,-6.299975873758116,2.9769197717433894e-10,2.910765999037981e-9
Endogenous,PIM1,NM_002648.2,1432.3,0.8107573730237051,0.12919885756545574,6.275267353760871,3.4903401345247523e-10,3.3594523794800742e-9
Endogenous,PCNA,NM_002592.2,653.1833333333333,-0.7323251917037797,0.11677508782491902,-6.271245051870614,3.5817239224202483e-10,3.3943722095551893e-9
Endogenous,DNMT1,NM_001379.2,1057.75,-0.7222734990366709,0.11536572453753023,-6.260728669039861,3.831827347065936e-10,3.5763721905948737e-9
Endogenous,BMP8A,NM_181809.3,223.29444444444445,-0.9421310838576777,0.15069776134622717,-6.251792166262758,4.0576914731481573e-10,3.6904295799192873e-9
Endogenous,FN1,NM_212482.1,25621.266666666666,-1.1599517522115113,0.18555749786912126,-6.251171553464558,4.073850834975837e-10,3.6904295799192873e-9
Housekeeping,AMMECR1L,NM_001199140.1,759.1,-0.3647245852353785,0.05837865633231473,-6.247567315685031,4.168946304023418e-10,3.7218419177948195e-9
Endogenous,SRSF2,NM_003016.3,2492.572222222222,-0.4369005641601203,0.07067446419867278,-6.181873030292107,6.334546687607497e-10,5.574401085094598e-9
Endogenous,GRB2,NM_002086.4,2808.8555555555554,-0.62271614650586,0.10087411457768831,-6.17320061854198,6.692120692365099e-10,5.8061216147843686e-9
Endogenous,SUV39H2,NM_024670.3,491.25,-0.7520062853297971,0.12215616242448742,-6.156106007297508,7.45553289771376e-10,6.378622590266217e-9
Endogenous,IDH2,NM_002168.2,3711.9555555555557,-0.9390437766371321,0.15312102936011834,-6.132689811199206,8.640552029551047e-10,7.2912055482238976e-9
Endogenous,DLL4,NM_019074.2,324.3388888888889,0.6382923451447909,0.10415075626283295,6.1285425862296,8.868769213281232e-10,7.382651128893566e-9
Endogenous,FOSL1,NM_005438.2,174.97222222222223,0.8961510205531339,0.14709858762594707,6.092179639630066,1.1138359079637253e-9,9.148305590742064e-9
Endogenous,FEN1,NM_004111.4,245.4777777777778,-0.8619570033125423,0.14164931538294054,-6.085147683081225,1.1638398175632256e-9,9.433227994986143e-9
Endogenous,CDK2,NM_001798.2,324.56666666666666,-0.500997286480113,0.08248722895147492,-6.073634583783104,1.2504710373045685e-9,1.0003768298436548e-8
Endogenous,FANCA,NM_000135.2,202.5388888888889,-1.0531154608151594,0.17347632793991605,-6.07065801611796,1.2738720249614495e-9,1.006032265866991e-8
Endogenous,UBE2T,NM_014176.3,643.6777777777778,-0.9804123649046387,0.16160582793228676,-6.066689409960103,1.3057371648317996e-9,1.0181444221979601e-8
Endogenous,HIST1H3H,NM_003536.2,3726.211111111111,-0.999491276565398,0.1650489143465786,-6.055727664264501,1.3978432017520082e-9,1.0763392653490464e-8
Endogenous,EPHA2,NM_004431.2,271.3333333333333,0.667695043826621,0.11046133063683511,6.04460438759161,1.4977705563588116e-9,1.1390452626136148e-8
Endogenous,TCF3,NM_003200.2,998.7666666666667,-0.4851001310880393,0.0807699931381259,-6.005944933763493,1.902207490543879e-9,1.4161859595575526e-8
Endogenous,HDAC2,NM_001527.1,2085.1055555555554,-0.8233407622465504,0.13709922592165283,-6.005436987055342,1.9081726403129363e-9,1.4161859595575526e-8
Endogenous,TBL1XR1,NM_024665.4,3604.1,-0.5862305692907336,0.09768028508635188,-6.001523938760935,1.9547411563695606e-9,1.4287248978940469e-8
Endogenous,MAPK9,NM_139068.2,764.1555555555556,-0.6158695076323508,0.10264249484262013,-6.000141642861004,1.9714548104057465e-9,1.4287248978940469e-8
Endogenous,CHEK2,NM_007194.3,289.3722222222222,-0.6037539396959084,0.10114893207140938,-5.9689601000400945,2.387704882396188e-9,1.710263032041921e-8
Endogenous,PKMYT1,NM_004203.3,351.98333333333335,-1.004635449756236,0.16840635814463403,-5.96554346774375,2.4382112666100712e-9,1.7263656784273607e-8
Endogenous,MSH6,NM_000179.1,893.7222222222222,-0.5776486409814529,0.09770085662008937,-5.912421456319923,3.371146124774977e-9,2.3598022873424837e-8
Endogenous,RAC1,NM_198829.1,2901.461111111111,-0.5627726574646783,0.09525085269480502,-5.9083214642483926,3.456110996022276e-9,2.3920948017412608e-8
Endogenous,SF3B1,NM_001005526.1,2070.7,-0.5762909281106017,0.09767050647581366,-5.900357732385771,3.6271426470278912e-9,2.4825776339657566e-8
Endogenous,BRCA1,NM_007305.2,307.56111111111113,-0.7832745861931202,0.13345346178110526,-5.869271397978966,4.377144207206404e-9,2.962989924878181e-8
Endogenous,CASP3,NM_032991.2,714.6333333333333,-0.592113490449953,0.1017534606197915,-5.81909929002242,5.916558236586059e-9,3.9615216018880567e-8
Endogenous,ARID1A,NM_006015.4,740.3166666666667,-0.41948511632675817,0.07247634748206065,-5.787889855108787,7.127612093044809e-9,4.697977435600389e-8
Endogenous,MEN1,NM_130802.2,1503.2944444444445,-0.3741919676390998,0.06466171159864036,-5.78691714753446,7.168991541338256e-9,4.697977435600389e-8
Endogenous,ERCC2,NM_000400.2,178.45555555555555,-0.4293341696352267,0.07436967247817237,-5.772973785264914,7.788456272969175e-9,5.0168058884116534e-8
Endogenous,NRAS,NM_002524.3,561.5277777777778,-0.459056058367713,0.07952702991463624,-5.772327457223796,7.818398787135044e-9,5.0168058884116534e-8
Housekeeping,USP39,NM_001256725.1,474.0722222222222,-0.5941175852397621,0.10301008121659051,-5.767567389744715,8.04239299203921e-9,5.107334106284694e-8
Endogenous,GTF2H3,NM_001516.3,649.2444444444444,-0.5312845416271328,0.09218673620592732,-5.763134302101182,8.256604101392316e-9,5.189865435160884e-8
Endogenous,MCM4,NM_182746.1,1313.0611111111111,-0.942459913605505,0.16367808856364072,-5.7580090400375195,8.511179837442188e-9,5.295845232186251e-8
Endogenous,AKT1,NM_005163.2,5966.372222222222,-0.5892752451262323,0.10267853898204007,-5.739030287812187,9.522019137974898e-9,5.865563788992537e-8
Endogenous,RFC4,NM_181573.2,512.6611111111112,-0.7683266591506426,0.13437953971980646,-5.717586626302437,1.0804759712264538e-8,6.589833646292035e-8
Endogenous,MED12,NM_005120.2,568.5166666666667,-0.43413522919694975,0.07637117127391613,-5.684543289769142,1.3116269692559692e-8,7.921198167271343e-8
Endogenous,TET2,NM_001127208.2,1040.4722222222222,-0.3936918548826284,0.0694903241205887,-5.6654197525319185,1.4666505287522628e-8,8.771424521469844e-8
Endogenous,CREB5,NM_182898.2,352.02777777777777,0.7758542388698297,0.1376616121555773,5.635952003765608,1.7409386635820287e-8,1.0311713622755094e-7
Endogenous,EP300,NM_001429.2,2154.4,-0.34166929112160815,0.06081289706330001,-5.618368925360772,1.9276855055917143e-8,1.130908829947139e-7
Endogenous,B2M,NM_004048.2,70152.27777777778,-0.7450535119278848,0.1332447379706149,-5.591616774331419,2.249649156336237e-8,1.307343283304832e-7
Endogenous,RFC3,NM_002915.3,554.4166666666666,-0.6460294175218095,0.11622538469168991,-5.5584192664582375,2.7222882503328855e-8,1.5598959023792799e-7
Endogenous,FANCF,NM_022725.2,352.10555555555555,-0.6066386751244028,0.10915452865305875,-5.557613436750464,2.734882426249387e-8,1.5598959023792799e-7
Endogenous,ZBTB16,NM_006006.4,407.6722222222222,1.3576919584756035,0.2445748517652584,5.551232878917203,2.8366190392858452e-8,1.6030801176147528e-7
Endogenous,PLAU,NM_002658.2,1742.7944444444445,-0.8868514237151169,0.16077109094046543,-5.516236896367915,3.4633534279025876e-8,1.939477919625449e-7
Endogenous,NF1,NM_000267.2,1194.9333333333334,-0.43845959282481134,0.07953858290946397,-5.512539660455037,3.536924550198098e-8,1.9628338044342597e-7
Endogenous,RASGRP1,NM_005739.3,275.6666666666667,-0.9783170825509326,0.17782514625250603,-5.50156770944956,3.7642899596107476e-8,2.0703594777859112e-7
Endogenous,GADD45G,NM_006705.3,218.52777777777777,0.9299345431452556,0.16951501623801465,5.485853488280602,4.114778373334455e-8,2.243100422985862e-7
Endogenous,RAC3,NM_005052.2,729.2888888888889,-0.8034635237090191,0.1474518585037176,-5.448988787677857,5.065700638843016e-8,2.726120227916644e-7
Endogenous,CDC14B,NM_003671.3,214.0388888888889,0.6047612979517103,0.11100284567643966,5.4481603085610875,5.0893478280911374e-8,2.726120227916644e-7
Endogenous,MCM2,NM_004526.2,527.8,-0.7352140431134703,0.1350914751180068,-5.442342253434104,5.258452025697322e-8,2.792419351577199e-7
Endogenous,ITGB6,NM_001282353.1,1188.1777777777777,-1.179926839113301,0.21856162431982407,-5.3986002473457955,6.716283633229192e-8,3.536094630828361e-7
Endogenous,NBN,NM_001024688.1,1732.4722222222222,-0.44437423210418986,0.08238624389517138,-5.393791622174372,6.898621689349061e-8,3.6013143734229e-7
Endogenous,RAD21,NM_006265.2,5845.516666666666,-0.6495719750067686,0.12083033710271247,-5.375901371975785,7.620049775444228e-8,3.9444963543476003e-7
Endogenous,CCNB1,NM_031966.2,956.0388888888889,-0.9328817350647579,0.17423558306066664,-5.354140174340509,8.59642018313408e-8,4.412829027342162e-7
Endogenous,SKP2,NM_005983.2,829.0944444444444,-0.56687840807089,0.10601983093564357,-5.346909187348148,8.946887670721861e-8,4.554779177822038e-7
Endogenous,LIF,NM_002309.3,304.5888888888889,0.854704356760691,0.1599331797262369,5.3441340828946045,9.085030183165177e-8,4.5871955678932374e-7
Endogenous,SPP1,NM_000582.2,5909.8388888888885,-1.363413019687797,0.2554568877858421,-5.337155053853122,9.441629519575282e-8,4.7284908813482713e-7
Endogenous,CCNA2,NM_001237.2,550.9555555555555,-0.9511368361368103,0.17826001594934326,-5.335671216405018,9.519175490996641e-8,4.7288807277854286e-7
Endogenous,CDKN1A,NM_000389.2,1682.2944444444445,0.7015281521540939,0.13174267687574537,5.324987838342987,1.0095979419080128e-7,4.975298657722688e-7
Housekeeping,NOL7,NM_016167.3,867.2,-0.5464965838683201,0.10286013390604458,-5.313006731718879,1.0783105309415232e-7,5.271740373491892e-7
Endogenous,HSPA1A,NM_005345.5,3644.488888888889,0.7936321291810364,0.14951082714154368,5.308191683199609,1.1071817358154645e-7,5.37026731702619e-7
Endogenous,INHBA,NM_002192.2,799.0277777777778,-0.8286797140139983,0.1575315286081086,-5.260405465089506,1.4373808890387906e-7,6.91739552849918e-7
Endogenous,CCNE1,NM_001238.1,295.6277777777778,-1.0411532277425992,0.19814521579943611,-5.254495918773337,1.4843043712662027e-7,7.087841028682021e-7
Endogenous,PRLR,NM_001204318.1,1007.15,-0.8566315144061755,0.16322355871994684,-5.248210007943481,1.535841620513732e-7,7.277526447972761e-7
Endogenous,E2F5,NM_001951.3,521,-0.7565943612138515,0.14446400563508793,-5.237251714624249,1.6298533848033418e-7,7.664043397243195e-7
Endogenous,BAX,NM_138761.3,1495.7444444444445,-0.4501563980070666,0.08598694458996418,-5.235171457174975,1.6483177900006212e-7,7.692149686669566e-7
Endogenous,SETBP1,NM_015559.2,1051.5388888888888,0.6558439178659878,0.1254823392890025,5.226583450564244,1.7267090538366606e-7,7.997389301980323e-7
Endogenous,RUNX1,NM_001754.4,1303.4611111111112,-0.5682028301998617,0.10893470372349003,-5.215994635117715,1.82833467169241e-7,8.365725104337523e-7
Endogenous,POLD1,NM_002691.2,186.25555555555556,-0.5407657220508256,0.10368470461419894,-5.215482110528878,1.8333975472168272e-7,8.365725104337523e-7
Endogenous,DTX1,NM_004416.2,126.25555555555556,0.7524325207223647,0.14526306137749045,5.179792533540529,2.2213281083839802e-7,1.0061309667386264e-6
Endogenous,EIF4EBP1,NM_004095.3,1418.3222222222223,-0.8082231483099692,0.15647712575657424,-5.16512010558842,2.402845813083756e-7,1.0804036648610173e-6
Housekeeping,DHX16,NM_001164239.1,494.18888888888887,-0.30494672640781073,0.05908845381966546,-5.160851345653594,2.458293297628483e-7,1.097325124158801e-6
Endogenous,TTK,NM_003318.3,375.56111111111113,-0.8935275411958474,0.17322275600303577,-5.1582572741204284,2.4925896775028655e-7,1.1046296700300468e-6
Endogenous,FGF7,NM_002009.3,374.2055555555556,0.7933341362852784,0.15415663898054024,5.146285891621079,2.656944002554173e-7,1.1690553611238361e-6
Endogenous,KDM5C,NM_004187.2,1562.8944444444444,-0.35127781734696234,0.06839291402550622,-5.136172692041722,2.8039002373248007e-7,1.2249663448170762e-6
Housekeeping,EIF2B4,NM_172195.3,858.9666666666667,-0.5345997294658609,0.10420003823551158,-5.1305137552595275,2.889524426370588e-7,1.2534838356649876e-6
Housekeeping,ZNF143,NM_003442.5,340.8833333333333,-0.35920754372119107,0.07009757210542056,-5.124393512245683,2.9849699060058037e-7,1.285833190279423e-6
Endogenous,TNF,NM_000594.2,252.74444444444444,-0.8515135935690645,0.16661882508774906,-5.110548541682602,3.2122476106808967e-7,1.3741281445690502e-6
Endogenous,MAPK8,NM_002750.2,669.8944444444444,-0.389543508614176,0.07638459818066197,-5.0997651083120505,3.400752440880498e-7,1.4447334507464733e-6
Endogenous,HDAC6,NM_006044.2,699.3111111111111,-0.41213644282332257,0.08090569887023023,-5.094034766134018,3.505224455653307e-7,1.478916619645505e-6
Endogenous,GNAS,NM_080425.1,9458.455555555556,-0.5568376351105004,0.10934943669610389,-5.092277124920393,3.53788479430632e-7,1.4825421995188389e-6
Endogenous,SKP1,NM_170679.2,7076.127777777778,-0.37665233829214595,0.07411079336907586,-5.082287223891889,3.729169414970038e-7,1.55214078352807e-6
Endogenous,PPP2R1A,NM_014225.3,3189.677777777778,-0.40961022291687144,0.08081267107192086,-5.0686385870395325,4.006711970836969e-7,1.6564661570708544e-6
Endogenous,WHSC1,NM_007331.1,896.6055555555556,-0.6533014757341653,0.1293028841746488,-5.052489586015375,4.360881412130076e-7,1.7908686332480846e-6
Endogenous,CHEK1,NM_001114121.1,339.30555555555554,-0.7803926320877262,0.1555900628930336,-5.015697131148005,5.284151331533289e-7,2.15565378822815e-6
Endogenous,PBRM1,NM_181042.3,834.7666666666667,-0.4327819030714933,0.08677540149959331,-4.987380013142568,6.120360651135271e-7,2.4803566849337674e-6
Housekeeping,CNOT10,NM_001256741.1,577.0777777777778,-0.39351678099664306,0.07914422197587515,-4.972147949304441,6.621514111952561e-7,2.6659167927861293e-6
Endogenous,WHSC1L1,NM_017778.2,2053.6111111111113,-0.6426463585929458,0.12954126044085396,-4.960939521553952,7.01530334039587e-7,2.806121336158348e-6
Endogenous,CDC25A,NM_001789.2,132.76666666666668,-0.7397055065667478,0.14958825921270838,-4.944943610279714,7.616590861577386e-7,3.0269806262784966e-6
Endogenous,U2AF1,NM_001025203.1,3878.3166666666666,-0.43568021000333884,0.08821810595129187,-4.938671095975381,7.86567481848602e-7,3.105933133453454e-6
Housekeeping,ACAD9,NM_014049.4,750.0222222222222,-0.390256708207454,0.07914631543088328,-4.9308259782258155,8.188265414368942e-7,3.212720697612273e-6
Endogenous,FUBP1,NM_003902.3,1060.4277777777777,-0.330044341892887,0.0670480408934841,-4.922505378154331,8.544321568057114e-7,3.3312038518501154e-6
Endogenous,VEGFA,NM_001025366.1,3597.0833333333335,-0.6765680460170039,0.13786634129683842,-4.907420039241435,9.228225860302857e-7,3.575212031412931e-6
Endogenous,WEE1,NM_003390.3,1005.4222222222222,-0.6074252152642597,0.12392257804184836,-4.901650892536578,9.503461165366511e-7,3.6588325486661066e-6
Endogenous,PRKAR2A,NM_004157.2,1196.8,-0.3538620316000158,0.07263601322253845,-4.871716052419778,1.1063309261692739e-6,4.232918326212874e-6
Endogenous,IL1R1,NM_000877.2,789.8166666666667,0.6345580398677144,0.1304742736242448,4.86347248573454,1.1534406569242944e-6,4.385922497934354e-6
Endogenous,MCM7,NM_182776.1,3289.3,-0.5087041359673751,0.1051839610858192,-4.836327998261305,1.3225961423325342e-6,4.99827744587019e-6
Housekeeping,RBM45,NM_152945.2,242.99444444444444,-0.308274303887242,0.06381180304836856,-4.830991903701167,1.3585452947489181e-6,5.102828668081302e-6
Endogenous,CUL1,NM_003592.2,1225.9388888888889,-0.3958992827685907,0.08214391879411224,-4.819581151964316,1.4385992703161504e-6,5.370770609180295e-6
Endogenous,SYK,NM_003177.3,626.2611111111111,-0.5907310705399191,0.1229904488266065,-4.803064597095172,1.5625544747972949e-6,5.798394918524901e-6
Endogenous,NOS3,NM_000603.4,218.82777777777778,0.5184655835384838,0.10814628350371834,4.794113738736641,1.6339555669929298e-6,6.027045684237394e-6
Endogenous,HMGA1,NM_145904.1,1086.911111111111,-0.6687624515064509,0.13967572175812476,-4.78796488816103,1.6848111599045212e-6,6.149800950979608e-6
Endogenous,PTTG2,NM_006607.2,524.45,-0.6956305517491054,0.14529595063117504,-4.787680239726167,1.6872018842784964e-6,6.149800950979608e-6
Endogenous,ACVR1B,NM_004302.3,273.2888888888889,-0.4277287894748682,0.089696127160834,-4.768642783293289,1.8547119695743314e-6,6.720603372104636e-6
Endogenous,STMN1,NM_203401.1,2164.211111111111,-0.7607103493757671,0.15964930365947622,-4.7648836038666555,1.8896269864477896e-6,6.8070773312973006e-6
Endogenous,GAS1,NM_002048.2,851.1222222222223,0.6953461199935489,0.146020655202218,4.761970962468239,1.9171127312061534e-6,6.865938618738317e-6
Endogenous,HIST1H3G,NM_003534.2,886.7,-0.9975382676356769,0.2098831586204084,-4.752826640272791,2.005923335359516e-6,7.142478465788798e-6
Endogenous,COL1A1,NM_000088.3,76374.97222222222,0.9766545315865508,0.20617510526018323,4.737014831902518,2.1688929779277666e-6,7.678379737951174e-6
Housekeeping,FTSJ2,NM_013393.1,485.0444444444444,-0.5606919723255801,0.11877588641115526,-4.72058756425261,2.3516434367575038e-6,8.25698579291265e-6
Endogenous,TLR2,NM_003264.3,588.35,-0.5873902392348626,0.1244486588388174,-4.71994029277274,2.3591387979750425e-6,8.25698579291265e-6
Endogenous,COL1A2,NM_000089.3,19103.81111111111,0.9381928883612056,0.1989156782382629,4.716535653049078,2.398943451007207e-6,8.348865343618304e-6
Endogenous,NTRK2,NM_001007097.1,708.5555555555555,1.002389429380004,0.21331361912058547,4.699134699005583,2.6126609850824263e-6,9.03369342774253e-6
Endogenous,CACNB2,NM_000724.3,136.16666666666666,0.8412001590356267,0.17904853569129575,4.698168325073438,2.625050525269339e-6,9.03369342774253e-6
Endogenous,BID,NM_197966.1,348.6,-0.4138851098841126,0.08835992233345155,-4.684081866009323,2.8121760285373833e-6,9.623891297661267e-6
Endogenous,FGFR4,NM_002011.3,200.91666666666666,-1.0652171343202939,0.22756798848981732,-4.680874236263497,2.856541437746957e-6,9.721710086475831e-6
Housekeeping,DNAJC14,NM_032364.5,267.53333333333336,-0.41010554133770905,0.08850611938838618,-4.633640523070129,3.592906739228656e-6,1.2160607425081605e-5
Endogenous,TGFBR2,NM_001024847.1,1809.5111111111112,0.5657688364188428,0.12247451103205413,4.619482304124237,3.846986864171426e-6,1.2949420264096169e-5
Endogenous,GSK3B,NM_002093.2,1225.6333333333334,-0.3858389770839413,0.08392500864442544,-4.597425526861354,4.2774344517170545e-6,1.4320106642704922e-5
Endogenous,SIN3A,NM_015477.1,640.8777777777777,-0.2906848919827998,0.06351446369595737,-4.576672384014818,4.724304331828695e-6,1.5730656585980952e-5
Endogenous,ARID2,NM_152641.2,1725.3166666666666,-0.305358292428845,0.06703492484493853,-4.555211975476706,5.233277763448029e-6,1.7331715603677346e-5
Endogenous,MAP3K1,NM_005921.1,1431.3833333333334,-0.5023372342533539,0.1112892802814454,-4.513797132868201,6.367713040138545e-6,2.097599589692697e-5
Endogenous,WNT2,NM_003391.2,190.25555555555556,-0.6454568553368314,0.14381363747131465,-4.488147763215957,7.184509197053279e-6,2.3540732262685213e-5
Endogenous,RHOA,NM_001664.2,2524.8055555555557,-0.43504424148519805,0.09726444957876676,-4.472798061052001,7.720267841087851e-6,2.5162354445027067e-5
Endogenous,BNIP3,NM_004052.2,1124.1222222222223,-0.6595265052806101,0.14785536898996873,-4.460619251001671,8.17231692928648e-6,2.6495511728634063e-5
Endogenous,HGF,NM_000601.4,365.5388888888889,0.6051371670159957,0.1359064642505239,4.45260032591616,8.483657912386762e-6,2.736090719387563e-5
Housekeeping,TLK2,NM_006852.2,975.55,-0.48162228210878494,0.10861996314845523,-4.434012571432496,9.24952291290798e-6,2.9675552678913106e-5
Housekeeping,ZKSCAN5,NM_014569.3,140.4388888888889,-0.33453129050262803,0.07563878455448066,-4.4227480977258935,9.745334136471056e-6,3.1104278901897256e-5
Endogenous,HRAS,NM_005343.2,255.27777777777777,-0.36237102359282114,0.08213824688088668,-4.41172093821671,1.0255223556216107e-5,3.256297788984083e-5
Endogenous,COL3A1,NM_000090.3,80570.1888888889,0.8530245499663085,0.19349487355047706,4.408512403010924,1.0408306073640206e-5,3.271374696340789e-5
Endogenous,HDAC1,NM_004964.2,1411.5722222222223,-0.3973870627611168,0.09014111273235079,-4.408499637019661,1.0408919488357057e-5,3.271374696340789e-5
Endogenous,FANCC,NM_000136.2,515.75,-0.35465091362624973,0.08052145117389292,-4.40442774510299,1.0606348391224793e-5,3.316502847205316e-5
Endogenous,WNT11,NM_004626.2,165.1611111111111,0.9599261537929813,0.21889838064988387,4.385259273929172,1.1584770949612252e-5,3.6041509621015895e-5
Endogenous,MCM5,NM_006739.3,227.69444444444446,-0.5498516430223868,0.12617157079111294,-4.357967801896592,1.3127569050138827e-5,4.063609314012823e-5
Endogenous,EFNA3,NM_004952.4,334.8833333333333,-0.6770489957909643,0.15571440451507165,-4.348017756606663,1.3737348466316597e-5,4.231103327625512e-5
Endogenous,CDH1,NM_004360.2,4157.616666666667,-0.644551556402388,0.15015784915103148,-4.292493266563018,1.76677910028945e-5,5.414606595911946e-5
Endogenous,NF2,NM_181828.2,1188.4944444444445,-0.3391774883166227,0.0793442320112538,-4.2747592322591945,1.913439566061343e-5,5.835043429177165e-5
Housekeeping,PIK3R4,NM_014602.1,538.6388888888889,-0.25150053543976647,0.0589142860177517,-4.268922742507409,1.9641928046090335e-5,5.960309200192929e-5
Housekeeping,SLC4A1AP,NM_018158.2,712.3,-0.2907273361430042,0.06823227782883381,-4.260847584076223,2.036530876727725e-5,6.106406772662014e-5
Endogenous,GNG12,NM_018841.3,2145.8333333333335,0.4697918642677301,0.11026017314037063,4.26075754179748,2.0373516067389438e-5,6.106406772662014e-5
Endogenous,CDK4,NM_000075.2,806.6444444444444,-0.40685896607687305,0.09550142534361768,-4.260239725354667,2.04207758955905e-5,6.106406772662014e-5
Endogenous,XRCC4,NM_003401.3,235.0222222222222,-0.3239927131626929,0.07627285254891725,-4.247811670015903,2.1586873832490684e-5,6.423919942422348e-5
Endogenous,THBS4,NM_003248.3,1270.6277777777777,1.0461534025519017,0.24656453871405182,4.242919148098408,2.2063094033966454e-5,6.534070156213142e-5
Endogenous,IDH1,NM_005896.2,782.6388888888889,-0.623964656290867,0.14715059077385162,-4.240313633873255,2.232076907557418e-5,6.578752990695547e-5
Housekeeping,ZNF384,NM_133476.3,921.7944444444445,-0.33775425746043813,0.07972182542500299,-4.236659856442637,2.2686941835068705e-5,6.654836271620153e-5
Endogenous,RBX1,NM_014248.2,3492.788888888889,-0.3385721052290913,0.08005666648828827,-4.229155672858575,2.345699957869493e-5,6.848109829609515e-5
Endogenous,DTX4,NM_015177.1,261.0722222222222,-0.5729267420781994,0.13602073944481627,-4.212054311839969,2.5305867653505246e-5,7.353025695546806e-5
Endogenous,HIST1H3B,NM_003537.3,4298.561111111111,-0.9405013604077115,0.22361736625533624,-4.205851165127333,2.6010137174220598e-5,7.522180516112624e-5
Endogenous,H3F3A,NM_002107.3,16415.144444444446,-0.4292092102757274,0.10245386989101105,-4.189292319873461,2.7982574385180814e-5,8.054797112743636e-5
Endogenous,SMC3,NM_005445.3,1139.1055555555556,-0.31212481330198294,0.07466353116551941,-4.18041858494534,2.9097297790626948e-5,8.336714157686604e-5
Endogenous,CDKN2B,NM_004936.3,340.9222222222222,-0.5797283727086736,0.13947094761608314,-4.156624606183016,3.2298404552927306e-5,9.211026483612601e-5
Endogenous,WNT7B,NM_058238.1,180.67777777777778,-0.7641478744593899,0.18627952620165925,-4.102157064926996,4.093162557827966e-5,1.1619300164156807e-4
Endogenous,PTPN11,NM_002834.3,1657.388888888889,-0.3203441225999052,0.07863684422938301,-4.0737153905294585,4.626901989210536e-5,1.3074181767677476e-4
Endogenous,FANCL,NM_001114636.1,519.2,-0.4898857802279658,0.12105371269795745,-4.046846390001153,5.19122830217941e-5,1.460181111480601e-4
Endogenous,MTOR,NM_004958.2,483.72777777777776,-0.45313070301518404,0.11222534430594557,-4.037686013062004,5.398103779140352e-5,1.5114690581592984e-4
Endogenous,FANCG,NM_004629.1,248.12777777777777,-0.33241410599849697,0.08277917265577849,-4.015673210226177,5.927634480633036e-5,1.652227529443416e-4
Endogenous,MAPK1,NM_138957.2,1231.1888888888889,-0.34799960010449943,0.08714151865027521,-3.9934993731418102,6.510525091575415e-5,1.8065240794641694e-4
Endogenous,CASP7,NM_001227.3,349.19444444444446,-0.37032231774099883,0.09275822864217016,-3.992339258326902,6.542468044729049e-5,1.80724677827493e-4
Endogenous,ID1,NM_002165.2,930.6111111111111,0.5029910808127154,0.1261453227033838,3.987393825099968,6.680308428384217e-5,1.8370848178056597e-4
Housekeeping,NUBP1,NM_001278506.1,144.99444444444444,-0.3708688985745793,0.09351456332889277,-3.9658945662850953,7.312118177420933e-5,2.0018954654627975e-4
Endogenous,CASP8,NM_001228.4,1018.1444444444444,-0.40675240550640257,0.10271598525195531,-3.959971804862375,7.49586129558749e-5,2.0431197159654396e-4
Endogenous,CASP10,NM_032977.3,63.605555555555554,0.5550027631736701,0.14041897293589695,3.952477016243638,7.734636021753778e-5,2.0972826872286797e-4
Endogenous,PIK3R2,NM_005027.2,1341.661111111111,-0.36330875386416783,0.09193939132298583,-3.9516114761718764,7.762669686495763e-5,2.0972826872286797e-4
Endogenous,MYB,NM_005375.2,1012.4833333333333,-0.7712416012848918,0.1956240755845194,-3.9424677099709884,8.064751076266137e-5,2.169382822261983e-4
Endogenous,SOCS2,NM_003877.3,553.8722222222223,0.7545828813907804,0.19190107054793115,3.932145241484248,8.419117077814401e-5,2.254859182579857e-4
Endogenous,CDC25B,NM_021873.2,836.2277777777778,-0.4106430676493387,0.10451057598246169,-3.929201076436994,8.522855115346231e-5,2.272761364092328e-4
Endogenous,RASA4,NM_001079877.2,1336.7888888888888,0.4239056573658801,0.10821692541888804,3.9171844489669096,8.958920102276652e-5,2.3686864043465637e-4
Endogenous,KMT2C,NM_170606.2,1690.3055555555557,-0.4572372768091206,0.11672644985165335,-3.9171693938282157,8.959479419038138e-5,2.3686864043465637e-4
Housekeeping,TTC31,NR,813.45,-0.2166594886749709,0.05573176579484931,-3.8875403566522992,1.0126515517625986e-4,2.6657835721613705e-4
Endogenous,WNT2B,NM_024494.1,92.8,0.47095607023160835,0.12207321070037021,3.8579805309419957,1.1432775233672445e-4,2.9968466144435e-4
Endogenous,CNTFR,NM_147164.1,187.41666666666666,0.8081885147866684,0.21101566575282363,3.829992962386746,1.2814692386103644e-4,3.344851910949087e-4
Endogenous,COL4A4,NM_000092.4,118.87222222222222,0.5362084312500286,0.14022838651472974,3.823822298587916,1.3139863377661522e-4,3.415255628961813e-4
Endogenous,ERCC6,NM_000124.2,348.10555555555555,-0.2815239303004893,0.07376555389460772,-3.8164687369217836,1.353752188997758e-4,3.503829195053021e-4
Endogenous,ITGB7,NM_000889.1,189.89444444444445,-0.5969670313035562,0.15825502998569457,-3.7721836162649547,1.6182509535288787e-4,4.1708894869196204e-4
Endogenous,CDC25C,NM_001790.2,83.86111111111111,-0.5417385888941616,0.1440107327739173,-3.7617931556854027,1.686995384990792e-4,4.3299548214763663e-4
Endogenous,MMP7,NM_002423.3,2562.6111111111113,-1.2202172554054846,0.32659352300482675,-3.736195513551109,1.8682542832106387e-4,4.775288956256238e-4
Endogenous,TFDP1,NM_007111.4,1031.2611111111112,-0.56884869332066,0.15248319895357323,-3.7305663655040324,1.9104980828366623e-4,4.8630860290387767e-4
Housekeeping,HDAC3,NM_003883.2,640.25,-0.3521329956648221,0.09446099582551441,-3.727813713876909,1.9314805794017054e-4,4.89626352638457e-4
Endogenous,FGF10,NM_004465.1,236.51111111111112,0.9014147307861411,0.24201228043879727,3.724665249018637,1.955745676686947e-4,4.937456298521144e-4
Endogenous,MDC1,NM_014641.2,781.05,-0.25986172957237363,0.06991188017774567,-3.716989571896719,2.0161076155489972e-4,5.069070576237479e-4
Endogenous,CTNNB1,NM_001904.3,5582.566666666667,-0.4117440973564433,0.11107914154784317,-3.706763408673806,2.0992488360853988e-4,5.227479260508644e-4
Endogenous,NTHL1,NM_002528.5,474.7888888888889,-0.3170975555420495,0.08555244397978523,-3.706469865629729,2.1016822973316058e-4,5.227479260508644e-4
Endogenous,MAD2L2,NM_001127325.1,864.4777777777778,-0.318853516506193,0.08603427438179634,-3.706121993790628,2.1045695724125708e-4,5.227479260508644e-4
Endogenous,PROM1,NM_006017.1,691.4444444444445,-1.1207776740321083,0.3028937553801627,-3.700233676410454,2.1540103049558747e-4,5.328796577722165e-4
Endogenous,PIK3CB,NM_006219.1,483.8888888888889,-0.33745207584629217,0.09150120112061842,-3.687952417165073,2.2606591096036225e-4,5.570264046063326e-4
Endogenous,FANCB,NM_152633.2,155.5,-0.4114849034439418,0.1117186133179807,-3.683226019577839,2.3030079098605873e-4,5.652003475992518e-4
Endogenous,PLA2G2A,NM_000300.2,703.85,1.1418867304581835,0.3107132642838596,3.6750498344189944,2.3780299301275493e-4,5.812962051422899e-4
Endogenous,SGK2,NM_170693.1,82.25,0.5487785956204791,0.149500682841311,3.6707430708058086,2.4184635339356803e-4,5.888432952191222e-4
Endogenous,MDM2,NM_006878.2,2580.5,-0.3503075903567379,0.0959473751073638,-3.651038811272831,2.611817635827274e-4,6.334171904211028e-4
Endogenous,BCOR,NM_001123383.1,569,-0.3068251409100682,0.0845629080886114,-3.628365531002714,2.852212428328284e-4,6.890050415098912e-4
Endogenous,POLD4,NM_021173.2,1486.25,-0.4205754762808145,0.11649522417503573,-3.610237923993295,3.059162632419835e-4,7.361110084260228e-4
Housekeeping,PRPF38A,NM_032864.3,1181.9555555555555,-0.27302505618075085,0.07570686080274315,-3.6063449637956473,3.105402524100651e-4,7.428307435482166e-4
Endogenous,MECOM,NM_005241.2,206.43333333333334,0.3751753753789205,0.1040509936063795,3.605687580439578,3.1132750945456764e-4,7.428307435482166e-4
Endogenous,MMP9,NM_004994.2,2200.711111111111,-0.8141870002534974,0.22585842417956456,-3.604855578050935,3.123265626282274e-4,7.428307435482166e-4
Endogenous,SPRY4,NM_030964.3,393.2055555555556,-0.41852882907957123,0.11646338124058049,-3.59365170941593,3.2607564640812754e-4,7.725484545669484e-4
Endogenous,GNG7,NM_052847.1,151.67222222222222,0.5069438473100072,0.14361110561431448,3.529976634756006,4.1559636798995563e-4,9.808711213862553e-4
Endogenous,SFRP2,NM_003013.2,9038.58888888889,0.7646758969128096,0.21719508214719338,3.5206869757510795,4.3043041030357853e-4,0.0010120043234618488
Endogenous,CDC7,NM_003503.2,394.06111111111113,-0.42829284652666855,0.1219642537811646,-3.5116260153990417,4.4537425757483603e-4,0.0010410091350300191
Endogenous,LAMA5,NM_005560.3,1274.5,-0.4510449541915053,0.12846018547803906,-3.51116536624193,4.4614677215572247e-4,0.0010410091350300191
Endogenous,KDM6A,NM_021140.2,799.2722222222222,-0.2471263446960217,0.07067735526182482,-3.4965420505696656,4.7133020157866967e-4,0.001092332129991286
Endogenous,ITGA9,NM_002207.2,294.7111111111111,0.4352772110362342,0.124495136027483,3.4963390934417253,4.7168887431441893e-4,0.001092332129991286
Endogenous,ARID1B,NM_020732.3,1502.2944444444445,-0.23038546201870533,0.06618346796736815,-3.481012239073014,4.995226653755746e-4,0.0011524567860350333
Endogenous,SMAD3,NM_005902.3,1255.1555555555556,0.3340200018089033,0.0969402880791173,3.445626255373768,5.697377485116412e-4,0.0013095464667282498
Endogenous,CREB3L4,NM_130898.2,681.5944444444444,-0.5236502918499444,0.1522297953817158,-3.4398672778669424,5.819995175877355e-4,0.0013327572596061154
Endogenous,CACNA2D1,NM_000722.2,667.5666666666667,0.491046564934456,0.14319592016439062,3.4291938231950234,6.053770383080633e-4,0.0013811565022139518
Endogenous,SMC1A,NM_006306.2,1050.4777777777779,-0.2550617120434708,0.07449398884881898,-3.4239234062375554,6.172401516465505e-4,0.0014030255845545205
Endogenous,AMER1,NM_152424.3,328,-0.3454519306789086,0.10102315792429767,-3.4195320932035718,6.272893253498368e-4,0.0014206258250569832
Endogenous,IKBKG,NM_003639.2,692.7055555555555,-0.2311293213783307,0.0676460470872005,-3.4167454172213314,6.33745135924662e-4,0.0014299890246505195
Endogenous,FUT8,NM_004480.4,754.4388888888889,-0.4559752600076944,0.13416643912929344,-3.3985791302717696,6.773686477884499e-4,0.0015228433833492157
Endogenous,POLE2,NM_002692.2,162.98888888888888,-0.35308466097599417,0.10416076047770897,-3.389804945323497,6.9942370131036e-4,0.0015667090909352065
Endogenous,CSF3R,NM_156038.2,298.97777777777776,-0.501917686700176,0.1483325910670633,-3.3837316741352663,7.150785015767473e-4,0.0015959723078669435
Endogenous,SOS1,NM_005633.2,1348.6777777777777,-0.21785530985847243,0.06504775790249338,-3.3491594004675402,8.10571476560199e-4,0.0018025705038306231
Endogenous,ZAK,NM_016653.2,238.62222222222223,0.30850290167117783,0.09275305845045718,3.3260671596717275,8.808070314233858e-4,0.0019517162998446246
Endogenous,STAG2,NM_001042749.1,804.2388888888889,-0.2444010305840643,0.07368241322846679,-3.316952036115469,9.10052382280977e-4,0.002009291281308537
Endogenous,NCOR1,NM_006311.3,2389.7,-0.21941739190669535,0.06651599681973003,-3.2987161344263516,9.712807604990005e-4,0.002136817673097801
Endogenous,TNFSF10,NM_003810.2,3477.133333333333,-0.5356689581457538,0.16283763625726086,-3.289589375391517,0.001003336863395639,0.0021994857930665965
Endogenous,LEFTY1,NM_020997.2,73.16666666666667,0.5183200156019058,0.1577702538455949,3.285283524416271,0.0010187979617599212,0.002225459377461388
Endogenous,FZD3,NM_017412.2,274.05,-0.39100498964796077,0.11959080478850825,-3.269523859626483,0.001077286515183635,0.0023449063369368165
Endogenous,CACNB4,NM_001005747.2,88.81666666666666,0.5064403037937396,0.15519773693700228,3.2631938698907277,0.001101641305726747,0.0023848801827025257
Endogenous,MLLT4,NM_005936.2,1184.1666666666667,-0.47786216946484295,0.14646024186250267,-3.262743276864594,0.0011033942403737335,0.0023848801827025257
Endogenous,DUSP10,NM_144728.2,418.7888888888889,-0.4607871840435068,0.1414917784659892,-3.2566357497179075,0.0011274100655210594,0.002425473547858361
Housekeeping,MTMR14,NM_022485.3,777.1722222222222,-0.2925510970594499,0.08985062669973264,-3.255971692185431,0.0011300501757067363,0.002425473547858361
Endogenous,MET,NM_000245.2,410.75,0.5937978147995101,0.1826243033448402,3.2514720326038526,0.0011480907036677767,0.0024556384495116332
Endogenous,MAPT,NM_016834.3,524.15,-0.7639525364717904,0.23590603061753648,-3.2383764606270335,0.0012021207060402286,0.0025623057263694836
Endogenous,TIAM1,NM_003253.2,542.0111111111111,-0.3663089056866366,0.113214510119999,-3.235529662217116,0.0012141726932951896,0.0025790702726546095
Endogenous,POLB,NM_002690.1,557.7,-0.36360993625840093,0.11295339950093566,-3.219114589423127,0.0012858708879309893,0.0027219809861357023
Endogenous,GRIA3,NM_000828.4,197.50555555555556,0.5587908134129131,0.17530181030095088,3.1875929430141325,0.0014346234292923004,0.0030264658645344417
Housekeeping,TRIM39,NM_021253.3,341.0388888888889,-0.1900186294442515,0.05974362531613118,-3.1805674402712416,0.0014698692219176977,0.0030902369989805525
Endogenous,RELA,NM_021975.3,1124.661111111111,-0.24536474052132573,0.07717610629466062,-3.17928374858037,0.001476394876186227,0.003093398788199714
Endogenous,PRKDC,NM_006904.6,2781.1,-0.44839229018518145,0.14374988822731508,-3.1192531397042074,0.0018131011892194425,0.0037860011273192426
Endogenous,C19orf40,NM_152266.3,161.8388888888889,-0.3358551453032885,0.10850294291208319,-3.0953551700014468,0.0019657734942965526,0.0040871073023127395
Endogenous,HES1,NM_005524.2,1454.0277777777778,0.36922597101581955,0.11931173818037312,3.0946324028707974,0.0019705695921864996,0.0040871073023127395
Endogenous,HSP90B1,NM_003299.1,3681.6666666666665,-0.29887235067739176,0.09706836996631568,-3.078988045035735,0.0020770501640880027,0.004293499668047684
Endogenous,ID4,NM_001546.2,545.6388888888889,0.6202784505654984,0.20212117987604086,3.0688443979295474,0.002148884838416757,0.004427133981487365
Endogenous,TNN,NM_022093.1,154.89444444444445,0.6015235375470026,0.1962033916723745,3.065816204397945,0.002170767088252303,0.004457308421211396
Endogenous,AMH,NM_000479.3,145.46666666666667,-0.6877716101419185,0.22454659952717881,-3.0629348722721206,0.0021917775573017033,0.004485498256803486
Endogenous,NPM1,NM_002520.5,124.94444444444444,0.30678962998059406,0.1007715010090027,3.0444086563043866,0.0023313821600898896,0.004755402021905206
Endogenous,PPP3R1,NM_000945.3,2416.8277777777776,-0.2970645867722025,0.09764091389367931,-3.042419155311006,0.002346848484445562,0.004771150714252365
Endogenous,RAD50,NM_005732.2,480.9277777777778,-0.22359041086024742,0.07356328823282561,-3.0394292619518373,0.002370268586081219,0.004797500499603331
Endogenous,CEBPA,NM_004364.2,968.9277777777778,-0.44496406135416255,0.14642854121870238,-3.038779582523971,0.002375385799316584,0.004797500499603331
Endogenous,MAP3K14,NM_003954.1,611.3333333333334,0.29982932698745285,0.09903057909109814,3.0276438827207115,0.0024646834995285193,0.004927200683358531
Endogenous,IL2RB,NM_000878.2,643.3333333333334,-0.5021946665211833,0.1658922961526109,-3.0272331999021493,0.002468034764337816,0.004927200683358531
Endogenous,ALKBH3,NM_139178.3,323.53333333333336,-0.32460038351584813,0.10724208758011715,-3.026800306114421,0.0024715717890734018,0.004927200683358531
Endogenous,ITGB3,NM_000212.2,183.37222222222223,0.3965349300952739,0.1310081031815242,3.026796972595176,0.002471599044087315,0.004927200683358531
Endogenous,SOCS1,NM_003745.1,283.45,-0.44714796444257926,0.14825162981364656,-3.0161419810672414,0.00256013351260841,0.005079042534838061
Endogenous,PLD1,NM_002662.3,336.10555555555555,0.33975262993672517,0.11270222253594299,3.014604524133242,0.0025731453109032773,0.005079042534838061
Endogenous,HDAC11,NM_024827.3,607.7,-0.35028683051322473,0.11621694812416289,-3.014077001393878,0.0025776237545971255,0.005079042534838061
Endogenous,ID2,NM_002166.4,1030.3222222222223,-0.37479674246208705,0.12436392200058484,-3.0137095745526947,0.0025807472620199886,0.005079042534838061
Endogenous,RAF1,NM_002880.2,981.95,-0.3025172346866218,0.10124225789411578,-2.9880530223161306,0.002807608416664651,0.005507919696386704
Endogenous,MAP2K2,NM_030662.2,1890.1944444444443,-0.23371994759908363,0.0786580708495666,-2.971340958082643,0.002965024009997719,0.0057982691751066505
Endogenous,IRS1,NM_005544.2,374.6333333333333,-0.4711921786246091,0.159334064897078,-2.957259509628253,0.003103867668590672,0.006050577480543841
Endogenous,IRAK3,NM_007199.1,227.7888888888889,0.35625003603353544,0.12093703213647351,2.9457481280962714,0.0032217462767708217,0.006260554279150871
Endogenous,NFATC1,NM_172389.1,261.35555555555555,0.3583178729590648,0.12202769304695532,2.9363652136010376,0.003320830997170067,0.006432804698920633
Endogenous,SMARCB1,NM_003073.3,1571.5555555555557,-0.19691459975738113,0.06714837514317068,-2.932529630650464,0.0033621283824022854,0.006492385841880275
Housekeeping,AGK,NM_018238.3,385.27222222222224,-0.25241256016362007,0.0861751152277948,-2.9290655370334484,0.0033998273043467377,0.00654466756086747
Endogenous,TSC1,NM_000368.3,555.2777777777778,-0.2175145934582924,0.07432800612145071,-2.9264150191635334,0.003428931711702007,0.006580130636786406
Endogenous,IL1B,NM_000576.2,161.50555555555556,0.43904378208112815,0.1502666596414371,2.9217644361614514,0.0034805467438725644,0.006658437249147515
Endogenous,IL20RB,NM_144717.2,83.31111111111112,0.4657322427181014,0.159835210859993,2.913827561600664,0.0035702705801809167,0.006808937081707259
Endogenous,SIRT4,NM_012240.1,82.72777777777777,0.3131548158974251,0.1077765465713086,2.9055933397367797,0.0036655750234899217,0.006969117945894419
Endogenous,JAG1,NM_000214.2,957.4888888888889,0.34570733853952806,0.11930975410261728,2.8975614034221224,0.003760761119536776,0.007128088768106628
Endogenous,NSD1,NM_022455.4,730.1888888888889,-0.32931593697530775,0.11373878831743273,-2.8953705402261045,0.003787112046700275,0.0071560154011269
Endogenous,APH1B,NM_001145646.1,239.67777777777778,0.30732657052066215,0.10672202512833538,2.879692079972206,0.003980637367126335,0.0074986930218648995
Endogenous,VHL,NM_000551.2,1817.4055555555556,-0.2637980283424265,0.09180616784606405,-2.8734238072625984,0.0040604900813848935,0.007625798445527726
Endogenous,H3F3C,NM_001013699.2,8618.516666666666,-0.37685320454496596,0.1322489300743732,-2.8495746947293563,0.004377772501932681,0.008196680429150551
Endogenous,CCND1,NM_053056.2,7281.694444444444,-0.5783808033517861,0.20328441634940206,-2.8451802343652073,0.004438630008404269,0.008285442682354637
Endogenous,CD40,NM_001250.4,355.34444444444443,-0.3827335492666648,0.13511871943956064,-2.832572354549761,0.004617511472317851,0.008593314401654974
Endogenous,BMP6,NM_001718.2,180.00555555555556,0.4684598974949719,0.16572530916182812,2.8267251385093406,0.0047026673601482565,0.008725431005576283
Endogenous,IGF1R,NM_000875.2,3576.261111111111,-0.47888007461126886,0.16956061229321467,-2.8242412440877476,0.004739269831053121,0.00876693758537154
Endogenous,WNT5A,NM_003392.3,498.3833333333333,-0.4618854451959025,0.1636288213123414,-2.8227633829509573,0.0047611696368323785,0.008781079330205825
Endogenous,BMP4,NM_001202.2,257.2111111111111,0.5014163227724481,0.17771712777253076,2.821429363939735,0.004781016513954085,0.008791361709240943
Endogenous,GHR,NM_000163.2,304.76666666666665,0.4643374691138854,0.16490274262950028,2.815826236178183,0.0048651972951901734,0.008919528374515318
Endogenous,RB1,NM_000321.1,668.7611111111111,-0.2813690941837256,0.10022090907933323,-2.8074889438589947,0.00499293937454977,0.009126559806298689
Endogenous,UBB,NM_018955.2,16610.161111111112,-0.2711298284901128,0.09707522819975688,-2.792986774465206,0.005222382709723748,0.009514166696715001
Endogenous,ANGPT1,NM_001146.3,180.1611111111111,0.4886819448414988,0.17501984207127289,2.792151672965709,0.005235880698354521,0.009514166696715001
Endogenous,PRKCA,NM_002737.2,259.0722222222222,0.3822717111854876,0.13768783147729807,2.7763652538061536,0.005497041538908416,0.009959345846963483
Endogenous,TP53,NM_000546.2,1268.6888888888889,-0.2992183921294394,0.10860562596359945,-2.755091087359749,0.005867579777760661,0.010599498953374097
Housekeeping,DDX50,NM_024045.1,800.2222222222222,-0.18382788231478828,0.0668256826407881,-2.750856782158572,0.005943962410632897,0.010706084341958667
Housekeeping,COG7,NM_153603.3,882.7944444444445,-0.19189488147975542,0.06986916603267881,-2.7464887929248136,0.006023694398977936,0.010818063410409355
Endogenous,RASGRF2,NM_006909.1,126.7,0.3388307564854584,0.12357763157831347,2.7418453660097457,0.006109509583458645,0.010940284602937575
Housekeeping,SF3A3,NM_006802.2,1589.55,0.1241788695789223,0.04535784253355587,2.7377596164776663,0.006185927318396745,0.011045018052557665
Endogenous,MAP3K13,NM_004721.3,233.88333333333333,-0.2988683992443716,0.11245084379526771,-2.6577692897396377,0.007865972034927135,0.014004158304956979
Endogenous,TNFAIP3,NM_006290.2,1073.8777777777777,0.34856160015451243,0.1314644060587265,2.6513762211712755,0.008016449047781107,0.014230929721709402
Endogenous,PPP3CB,NM_001142354.1,708.3388888888888,0.20407565231430935,0.07717691006824856,2.6442578762720945,0.008187025619301814,0.014491976383591716
Endogenous,KITLG,NM_003994.4,1158.0833333333333,-0.4378230401034071,0.16670131187632511,-2.6263922891514246,0.008629529925399547,0.015231491215031865
Endogenous,IL2RA,NM_000417.1,217.36666666666667,-0.4029814501176831,0.15438263960234036,-2.610276979041717,0.009046893999095482,0.01592253343840805
Endogenous,PDGFB,NM_033016.2,198.82777777777778,-0.3242183238007276,0.12426463128468816,-2.6090957696397856,0.009078183155864547,0.015932082119693908
Endogenous,RIN1,NM_004292.2,183.81666666666666,0.24194277302896117,0.09322278471301963,2.595318019878579,0.009450343266953811,0.01653810071716917
Endogenous,NFKB1,NM_003998.2,332.9222222222222,-0.2643759534819013,0.10239793649992311,-2.581848448499739,0.00982727293385776,0.01714900885908323
Endogenous,SHC1,NM_183001.4,3015.8166666666666,-0.24814499028265444,0.09656600337505496,-2.569693076339489,0.010178865256266316,0.017712375700169633
Endogenous,CBLC,NM_012116.3,145.4,-0.43490663942618074,0.17119760644282195,-2.540378037186137,0.01107327068886593,0.019214464068567357
Endogenous,MAML2,NM_032427.1,458.0888888888889,0.3376386756269556,0.13461187358525237,2.5082384386628593,0.01213347609369908,0.02099500357786133
Endogenous,BAP1,NM_004656.2,1268.1833333333334,-0.16662394579141035,0.0666655597256322,-2.4994006872088885,0.012440356266895566,0.021465712774251175
Endogenous,RPS27A,NM_002954.5,48455.71111111111,-0.23909320291850897,0.09580993602592906,-2.495494860301369,0.01257815774445389,0.02164286360498211
Endogenous,ABL1,NM_005157.3,1120.911111111111,0.19898373183918358,0.08023327872303648,2.4800648185657606,0.013135850117902824,0.022539508837404288
Endogenous,NUPR1,NM_001042483.1,1019.7166666666667,-0.3472721057239398,0.14045651014729874,-2.4724528991910066,0.013418939505538068,0.022961296487254024
Endogenous,EGFR,NM_201282.1,709.5111111111111,0.41192243091673114,0.1673047053404142,2.462109060702114,0.013812265950982651,0.023568852703061808
Housekeeping,TMUB2,NM_024107.2,467.02222222222224,-0.298408055634878,0.12152432821010106,-2.4555417012383405,0.01406724304421535,0.023937629047615074
Endogenous,PIK3R1,NM_181504.2,1916.4277777777777,0.32104922855289286,0.13108695203733184,2.4491318438883396,0.014320101963825814,0.024300779090128656
Endogenous,PBX3,NM_006195.5,549.0888888888888,-0.2305798978987543,0.09463516918311891,-2.436513823445304,0.014829602633421961,0.025096250610406396
Endogenous,HDAC5,NM_005474.4,951.0388888888889,0.18981612236548087,0.07799730755340797,2.4336240354900194,0.01494851281405492,0.025228175050569398
Endogenous,ATRX,NM_000489.3,2357.3277777777776,-0.1270912329747239,0.0524148381055802,-2.4247186019867435,0.015320256674321372,0.02578491287262832
Endogenous,HSPA6,NM_002155.3,573.7222222222222,-0.3484024011461139,0.1442670452625522,-2.414982579784974,0.01573596226668284,0.026412405330454032
Endogenous,COL4A5,NM_033381.1,696.6944444444445,-0.4529542306228315,0.18778889874981466,-2.4120394423649527,0.015863565298316323,0.026554228868920803
Endogenous,SHC2,NM_012435.2,415.05,0.3942741744778577,0.1638813592021472,2.4058512597001442,0.01613483246473536,0.026935113274463365
Endogenous,RAD52,NM_134424.2,460.85555555555555,-0.18993968264209612,0.07909154067619677,-2.401517039852784,0.016327248628903928,0.02718266258217519
Endogenous,PIK3R5,NM_001142633.1,419.39444444444445,-0.2745277868265836,0.11477439352669332,-2.391890546237006,0.01676184023682775,0.027830980015864943
Endogenous,AKT2,NM_001626.2,2366.4166666666665,-0.16889285880963906,0.07073979162256147,-2.3875227073155956,0.016962354854605847,0.028088200511927962
Endogenous,PIK3CG,NM_002649.2,291.95,-0.3388877676573874,0.14334415316428237,-2.3641547993171264,0.018071259869493428,0.029844225414498528
Endogenous,GATA2,NM_032638.3,211.48333333333332,0.45108392564476524,0.19143201611589575,2.3563661648512984,0.018454716397794967,0.03039600347872112
Endogenous,LAMA3,NM_000227.3,226.33333333333334,0.4046811326333219,0.17247418087063376,2.3463287698513993,0.018959375471654754,0.031143934108104877
Endogenous,BMP7,NM_001719.1,261.68333333333334,-0.5305113536591617,0.22640978093397873,-2.343146799889618,0.019121857706823973,0.03132729879628608
Endogenous,CDC14A,NM_033313.2,401,-0.26589447172336284,0.11370496352112974,-2.3384596722020126,0.019363415340458462,0.03163889615310985
Endogenous,MAPK8IP2,NM_012324.2,426.18333333333334,-0.4776822379931491,0.20591947119377677,-2.3197526451669783,0.020354262133750606,0.03316990866240839
Endogenous,SFRP1,NM_003012.3,1886.911111111111,0.6139040036860353,0.2680338274688666,2.290397482598882,0.021998285336515676,0.03575446904299118
Endogenous,MYC,NM_002467.3,2073.261111111111,0.40088034351591206,0.17560029683389164,2.282913814747837,0.022435445569089534,0.036369038080418824
Endogenous,ITGB4,NM_001005731.1,2222.988888888889,-0.40324779151062445,0.1770683438249265,-2.2773567697076857,0.022764929423721336,0.03680629009189591
Endogenous,CCND3,NM_001760.2,819.5888888888888,-0.19140470180689995,0.08422174498677905,-2.2726280705410016,0.02304860257736285,0.03716738007239664
Endogenous,FGFR3,NM_022965.2,785.0666666666667,-0.558327375582196,0.24742084924059946,-2.2565898439676833,0.024033715563909867,0.0386547487920848
Endogenous,ITGA6,NM_000210.1,1274.55,-0.3573682558871599,0.1595698993899372,-2.2395718569319114,0.025118731479149572,0.04029463174780244
Endogenous,PPP3CC,NM_005605.3,292.4166666666667,0.19265172442958486,0.08658287863197527,2.2250556631231952,0.026077501636824745,0.04172400261891959
Endogenous,NOTCH2,NM_024408.3,3114.35,-0.26294125439567306,0.11846460950149218,-2.2195764245722773,0.026447534083191247,0.04220642744882334
Endogenous,AKT3,NM_181690.1,1347.15,0.2990936819131851,0.13634451178807047,2.193661321535895,0.028259766408048937,0.044851039946076275
Endogenous,DUSP8,NM_004420.2,178.0888888888889,-0.24305581582503205,0.11081316680762143,-2.193383898566784,0.028279731418121734,0.044851039946076275
Endogenous,FAS,NM_152876.1,397.64444444444445,0.2474991051316291,0.11286994561906988,2.19278129154882,0.028323140485428035,0.044851039946076275
Endogenous,RET,NM_020630.4,398.40555555555557,-0.5718229641441046,0.2632169998963575,-2.1724393347286144,0.02982254080349236,0.04710432085884947
Endogenous,KRAS,NM_004985.3,896.1277777777777,-0.25389451931145574,0.11728980997771216,-2.1646767043079165,0.030412452305620435,0.04791322409274217
Endogenous,PPARGC1A,NM_013261.3,135.6,0.42272704967285907,0.19584928285877629,2.1584304190568857,0.03089438281077954,0.048548315845510705
Endogenous,DUSP5,NM_004419.3,1248.4222222222222,0.28000277883147295,0.13041094108105225,2.1470804252340088,0.031786879389053814,0.04982370916961107
Endogenous,NUMBL,NM_004756.3,614.0055555555556,0.20097928058543382,0.09398688723183597,2.138375751179858,0.03248625892408402,0.05079069923156284
Endogenous,RNF43,NM_017763.4,143.7888888888889,-0.4129201046489601,0.19334911626005727,-2.135619301686266,0.03271045685407913,0.051011750435728476
Endogenous,ENDOG,NM_004435.2,537.4944444444444,-0.2066133038791729,0.09725819349888136,-2.1243794116076122,0.0336384301714252,0.05232644693332809
Endogenous,COL24A1,NM_152890.5,85.21666666666667,-0.2469031542075661,0.11676459743292292,-2.1145377934386587,0.0344693603589312,0.0534839445367799
Endogenous,LEF1,NM_016269.3,325.46666666666664,-0.32742714956384994,0.1556414030511678,-2.1037278201366947,0.035402196239329775,0.05479334895333453
Endogenous,PLA2G4A,NM_024420.2,106.2388888888889,0.2685212340045008,0.12803577420216525,2.097235992657119,0.03597268979496475,0.055536784244857855
Housekeeping,C10orf76,NM_024541.2,557.6444444444444,-0.131931207894985,0.06293947287151919,-2.0961600387772763,0.03606799652273041,0.055544714645004836
Housekeeping,ZC3H14,NM_001160103.1,1046.5555555555557,-0.10031842268933848,0.0480173364260469,-2.0892125668786776,0.03668859269202416,0.056359533910939855
Endogenous,MAP2K1,NM_002755.2,827.6277777777777,-0.20364233992491484,0.09777687108827544,-2.0827250622599833,0.03727629163558305,0.057119889670445664
Endogenous,MNAT1,NM_002431.2,424.6277777777778,-0.16107792536799762,0.0780266499482064,-2.0643962732594585,0.03898015954125993,0.0595825763707596
Housekeeping,CC2D1B,NM_032449.2,119.69444444444444,0.17339954966635374,0.08418690641973677,2.059697369111332,0.03942748109399169,0.060117149390838814
Endogenous,MUTYH,NM_012222.2,149.13888888888889,-0.1615203255844878,0.07880695939111501,-2.049569312563761,0.04040647758790322,0.06145775356579848
Endogenous,APC,NM_000038.3,400.8333333333333,0.11748989781271013,0.05753607105579187,2.0420215641555,0.04114939233305918,0.062433560781193234
Endogenous,WNT5B,NM_032642.2,157.83333333333334,-0.35405624399709446,0.1735983015651489,-2.0395144468865802,0.041398710865002915,0.06265750833622064
Endogenous,BAIAP3,NM_003933.4,186.79444444444445,-0.39710946595858987,0.19560338716234063,-2.030176837525874,0.04233856736542191,0.0639229350419115
Endogenous,KIT,NM_000222.1,246.47222222222223,0.35529747976343123,0.17559872180408326,2.0233488952148475,0.04303718911223351,0.06481884717148129
Endogenous,DTX3,NM_178502.2,418.5833333333333,0.20158715231200225,0.10039639581189477,2.007912243081923,0.04465261794232363,0.06693633510356137
Endogenous,TNFRSF10A,NM_003844.2,139.41666666666666,-0.18758565647099382,0.09342666060269386,-2.007838611172462,0.04466044436292812,0.06693633510356137
Endogenous,CDKN2C,NM_001262.2,405.0444444444444,0.24340143140667805,0.12145491593447953,2.004047588637616,0.045064962938546504,0.06735363192989048
Housekeeping,VPS33B,NM_018668.3,297.6277777777778,-0.18434830268569194,0.09202764603006934,-2.00318394132843,0.04515754868026748,0.06735363192989048
Endogenous,PRDM1,NM_182907.1,446.8277777777778,-0.2588947552123821,0.1296553959569373,-1.996791211824067,0.04584786864771733,0.06821808475119294
Endogenous,TNFRSF10C,NM_003841.2,103.27777777777777,0.33210848812471466,0.16672237984069396,1.9919850498898222,0.04637269823530844,0.06883272798301206
Endogenous,FGFR2,NM_000141.4,306.23333333333335,-0.4102457215009366,0.20609803339320168,-1.9905368078804233,0.046531833498994445,0.06890290729658793
Endogenous,ACVR2A,NM_001616.3,381.19444444444446,0.1839619717259759,0.09294925906756098,1.979165553027825,0.04779736987852846,0.07060714591168712
Endogenous,RPS6KA6,NM_014496.1,121.35,0.2602530798243272,0.13207716485943227,1.970462343746632,0.048785406589311284,0.07189428339477452
Endogenous,HOXA10,NM_018951.3,157.1,0.2714491552395507,0.14057231934216938,1.9310285019827544,0.05347952779093643,0.07862384037999247
Endogenous,NFKBIA,NM_020529.1,3382.4166666666665,0.20067667303782705,0.10421753599293593,1.9255557246280444,0.05415987162741042,0.07938324749058497
Endogenous,STK11,NM_000455.4,1033.5222222222221,-0.11900849882430727,0.061828873354902454,-1.9248045834700787,0.05425381037911732,0.07938324749058497
Endogenous,CBL,NM_005188.2,573.3,-0.1358675475548916,0.07085478950438402,-1.9175492370418379,0.05516819208320205,0.08052987280391578
Endogenous,PLAT,NM_000931.2,3420.811111111111,0.3985366049327794,0.2095640755579565,1.901741049231318,0.05720501650942257,0.08330565051963193
Endogenous,PIK3CA,NM_006218.2,678.6388888888889,-0.16399810640562246,0.08650414309994647,-1.8958410606546305,0.05798106451787185,0.08423664090332325
Endogenous,BAD,NM_004322.3,812.45,-0.15300129122074899,0.08077582945204875,-1.8941469528527182,0.05820550696746306,0.08436374656931117
Endogenous,PRKACA,NM_002730.3,1951.0166666666667,-0.17756199001221046,0.09403846497084013,-1.8881846919478074,0.059001160168898954,0.08531623160573182
Endogenous,ARNT2,NM_014862.3,443.8888888888889,-0.3263408676066126,0.17629666071683472,-1.8510893302214997,0.06415670282787579,0.09239630755767472
Endogenous,CDKN2A,NM_000077.3,113.62222222222222,-0.3297970313149324,0.1781910099198025,-1.850806230142376,0.06419743447189089,0.09239630755767472
Endogenous,MAP3K5,NM_005923.3,258.47222222222223,-0.20865883178804073,0.11288173263488638,-1.8484729718221407,0.06453395086357598,0.09266413457333987
Endogenous,SP1,NM_003109.1,739.5777777777778,-0.13335955345097053,0.0725682279713174,-1.8377126902379497,0.06610475290468254,0.09469890183554522
Endogenous,SPOP,NM_001007226.1,145.3111111111111,-0.18218859671573295,0.09982956258629028,-1.8249964438966013,0.06800156597566685,0.0971901731809995
Endogenous,BCL2,NM_000657.2,655.3333333333334,-0.2774429331068212,0.1524315839038851,-1.8201144802232152,0.06874157290995461,0.09802039100123157
Endogenous,GATA3,NM_001002295.1,509.43333333333334,-0.4298232039368123,0.23728978468511155,-1.81138519935528,0.0700812454238199,0.09967245280608238
Endogenous,FLNA,NM_001456.3,8535.91111111111,-0.24135148618406502,0.1333091461175277,-1.8104645721103434,0.07022377356792167,0.09967245280608238
Endogenous,CD19,NM_001770.4,156.55555555555554,-0.4127860484483645,0.22885231496412267,-1.8037224072348894,0.0712748350299095,0.1009317204101707
Endogenous,CACNA1H,NM_021098.2,600.0555555555555,-0.44596621236851436,0.24894455405493204,-1.7914278706016906,0.07322465978160893,0.10345502391163096
Endogenous,FBXW7,NM_018315.4,299.22222222222223,0.17334763037383646,0.09729954625268059,1.781587243209377,0.07481656624766007,0.1053367098997182
Endogenous,IKBKB,NM_001556.1,910.8222222222222,-0.21399811599718255,0.12015039770198264,-1.7810853737494643,0.07489850476635808,0.1053367098997182
Endogenous,AXIN2,NM_004655.3,347.8611111111111,0.2252111124759336,0.1267139407634535,1.7773191419904795,0.07551574594527974,0.10596286902572281
Endogenous,PRKACB,NM_182948.2,449.15555555555557,0.255092236989989,0.14364577174795023,1.7758422951535924,0.07575891426975999,0.10606247997766398
Endogenous,NKD1,NM_033119.3,181.13888888888889,-0.22585266103233262,0.12902804728910794,-1.7504152451929593,0.08004668727375974,0.11181124571572788
Endogenous,MAP2K4,NM_003010.2,611.2222222222222,-0.1618688532451749,0.0928441794425482,-1.7434464305362192,0.08125566393794385,0.11324318775061858
Endogenous,PIK3CD,NM_005026.3,481.03333333333336,-0.25482561415199995,0.14667266803929263,-1.7373762784742817,0.08232077553238241,0.11446861789604416
Endogenous,PDGFC,NM_016205.1,759.5555555555555,-0.22457220050692248,0.13038178297068376,-1.7224200757970718,0.0849934495479372,0.11773724146042316
Endogenous,RAC2,NM_002872.3,922.6333333333333,-0.28904461144333643,0.16784549560121806,-1.7220873900010625,0.08505368904202648,0.11773724146042316
Endogenous,FGF1,NM_033137.1,224.91666666666666,-0.24347594859162955,0.14316102223885666,-1.7007139568017522,0.08899671303661054,0.12265806123660053
Endogenous,FANCE,NM_021922.2,188.79444444444445,-0.18040510580851654,0.10607943086994795,-1.7006605741474135,0.08900674248824747,0.12265806123660053
Endogenous,PDGFRB,NM_002609.3,2644.9777777777776,0.2204852508185242,0.12991406525615007,1.697162277108302,0.08966598479928392,0.1232907290990154
Endogenous,AR,NM_001011645.1,964.1888888888889,-0.36704268112469024,0.2177347207319121,-1.685733354289484,0.09184716945862649,0.12600858883410673
Endogenous,ITGA2,NM_002203.2,523.5388888888889,-0.23817824461906104,0.14157461857037942,-1.6823513072059462,0.09250073752720536,0.1266232318150189
Endogenous,THBS1,NM_003246.2,6313.177777777778,-0.23401146079494778,0.14365294865134623,-1.6290056207819774,0.1033118290679447,0.14110883970255864
Endogenous,FZD7,NM_003507.1,811.7611111111111,0.2343568873811797,0.14439077691822455,1.6230738027949478,0.10457362900874652,0.1425162731623625
Endogenous,CCND2,NM_001759.2,931.1,0.21290457796299084,0.13137648556221546,1.6205683768437118,0.10511023885628003,0.14293136232995254
Endogenous,RRAS2,NM_001102669.2,542.8833333333333,0.19686491059780015,0.12293729154812243,1.6013441334091827,0.10930071909981183,0.14830229728080196
Endogenous,ETV1,NM_004956.4,267.09444444444443,-0.2111454787153641,0.1321951652082353,-1.5972254233561824,0.1102154675837856,0.1492147868826636
Endogenous,FGF12,NM_004113.4,95.16666666666667,0.27792602606067385,0.17463648698818016,1.5914545170591103,0.11150732359847854,0.15063270029969908
Endogenous,PBX1,NM_002585.2,4096.416666666667,-0.19110519051583733,0.1204746611350703,-1.5862687532408124,0.11267835728513027,0.15188154942590865
Endogenous,EFNA1,NM_004428.2,942.7944444444445,-0.20958735353685662,0.13226607717373018,-1.5845888682520288,0.11305977577821,0.15206292986763617
Endogenous,PLA1A,NM_015900.2,80.90555555555555,-0.2531602545953746,0.1610152572970983,-1.5722749436611114,0.11588680137197799,0.1555256419284062
Endogenous,PGF,NM_002632.5,206.35,0.1804254751410155,0.1153251298770201,1.5644940121326274,0.11770159808834364,0.15744400474309075
Housekeeping,ERCC3,NM_000122.1,522.0666666666667,-0.08494188725188156,0.05431212522542366,-1.5639580830123736,0.11782741264052733,0.15744400474309075
Endogenous,IRAK2,NM_001570.3,127.56666666666666,-0.1905686403184718,0.1241886869725445,-1.5345088587707068,0.12490451556769416,0.16653935409025888
Endogenous,GZMB,NM_004131.3,256.8833333333333,-0.32718586906062636,0.21599891451070422,-1.5147570060793618,0.12983395207191162,0.1727380442252647
Endogenous,DLL1,NM_005618.3,188.38333333333333,0.1719278814074895,0.11412141782453639,1.506534747682784,0.13192995401082955,0.1751483872212737
Endogenous,PDGFRA,NM_006206.3,916.6166666666667,0.2186045830995642,0.14637469603723105,1.493458835562406,0.13531712187209868,0.179258810910135
Endogenous,CDKN2D,NM_001800.3,266.5833333333333,-0.15510436444845851,0.10477594598400365,-1.4803432504645542,0.13878166647215215,0.18345387670996938
Endogenous,JAK3,NM_000215.2,482.8888888888889,-0.23925677672994422,0.1618812086474968,-1.4779774547578033,0.13941381282949725,0.18389487944961522
Endogenous,ASXL1,NM_001164603.1,867.0333333333333,-0.10312994796164833,0.06989354047166757,-1.4755290298028851,0.1400703695538924,0.18417545586792947
Endogenous,STAT3,NM_139276.2,5205.511111111111,0.11371138345615342,0.07709478678123492,1.474955547627652,0.14022449480853721,0.18417545586792947
Endogenous,FZD8,NM_031866.1,443.24444444444447,0.2579136240921546,0.17565370090040214,1.4683073728027791,0.14202074914271956,0.1861378329189686
Endogenous,EFNA5,NM_001962.2,260.30555555555554,0.24445174133952124,0.1668144118785521,1.4654114029277783,0.14280870823021602,0.1867731725473738
Endogenous,CAPN2,NM_001748.4,4156.655555555555,-0.15958292322955056,0.1099991111668541,-1.4507655701643296,0.14684514992686756,0.19164536515879327
Endogenous,IGFBP3,NM_000598.4,4141.938888888889,0.19611336460639714,0.13571394084875157,1.4450495165044142,0.1484439776068752,0.1933223894415119
Endogenous,CARD11,NM_032415.2,124.31666666666666,-0.2590404124967937,0.18157130551460132,-1.4266594149479341,0.1536780893071889,0.19929773036901374
Endogenous,DUSP6,NM_001946.2,1091.1666666666667,0.20368257058386924,0.14276928762910776,1.4266553680158764,0.15367925637221028,0.19929773036901374
Endogenous,CYLD,NM_015247.1,1291.7944444444445,-0.12701168809979962,0.09180364531135014,-1.3835146487815613,0.16650711882132993,0.21547980082760346
Endogenous,MLH1,NM_000249.2,913.35,-0.08770216335270552,0.06429918943887335,-1.3639699678653094,0.17257701788447427,0.22286675684871313
Endogenous,MLLT3,NM_004529.2,177.1888888888889,0.17153797753229788,0.1264003585857776,1.357100402653439,0.17474931055909806,0.22519994833557408
Endogenous,BAMBI,NM_012342.2,926.8777777777777,-0.29925615843288655,0.22262866934265607,-1.344194165632326,0.17888560783309854,0.2300491324116674
Endogenous,PLCG2,NM_002661.2,451.4166666666667,-0.19497527877606954,0.14811042049989367,-1.3164183729814576,0.1880336590691248,0.24130986247204353
Endogenous,ITGA3,NM_005501.2,752.8555555555556,-0.17840097584241427,0.13760275899865412,-1.2964927239878903,0.19480578517547045,0.24948100554696426
Endogenous,ETV4,NM_001079675.1,146.4611111111111,-0.2475477161295821,0.19367066967017335,-1.2781889821063916,0.2011828000461455,0.25696232815888015
Endogenous,TGFB2,NM_003238.2,254.00555555555556,-0.2311583891369919,0.18096840138544865,-1.2773411676696116,0.20148182548821286,0.25696232815888015
Endogenous,FLT1,NM_002019.4,465.93888888888887,-0.14349970267792575,0.11256076398563247,-1.2748643274688718,0.20235726723374411,0.257545612842947
Endogenous,SETD2,NM_014159.6,933.0388888888889,0.0868199750779802,0.06873756508259045,1.2630644535293494,0.20656601737040947,0.2623601375261283
Endogenous,BCL2L1,NM_138578.1,2028.6555555555556,-0.09913937925372636,0.07897781203030006,-1.25528141012176,0.20937662116632846,0.26538271324785667
Endogenous,ITGB8,NM_002214.2,775.0777777777778,-0.23207157340815157,0.1857341413608722,-1.249482576050722,0.21148862248587935,0.2675092226926113
Endogenous,PLCB4,NM_000933.3,415.15555555555557,-0.19048753151045553,0.1527618887612964,-1.2469571635639352,0.2124132047816944,0.26799198767507726
Endogenous,FGF13,NM_033642.1,254.8,0.20382889218118502,0.16357800735979142,1.2460653817163905,0.2127403928134948,0.26799198767507726
Endogenous,SHC4,NM_203349.2,210.24444444444444,-0.32969034454601737,0.2667673217853477,-1.2358723037722747,0.2165060334694646,0.27217901350446977
Endogenous,PRKAA2,NM_006252.2,282.55,-0.2334061080596423,0.18951249365679557,-1.231613301877276,0.2180935696240882,0.27361637248154447
Endogenous,TNFRSF10D,NM_003840.3,123.25,0.17266059061634795,0.14904981865407899,1.1584085923449918,0.24669733437849176,0.30887308531941243
Endogenous,SIX1,NM_005982.3,177.63333333333333,-0.21610673251028062,0.18925273126981879,-1.1418949204076527,0.25349770031098623,0.3167435768591633
Endogenous,STAT4,NM_003151.2,235.73333333333332,0.16640379447392434,0.14937544133604716,1.1139970063724787,0.2652804709323585,0.3307950811626171
Endogenous,MAPK3,NM_001040056.1,1647.7333333333333,-0.08663316202726735,0.07977910534387424,-1.0859129298811998,0.2775175158701819,0.3453551308606708
Endogenous,HOXA9,NM_152739.3,271.93888888888887,0.18912929229158013,0.1751338997362453,1.0799125273657022,0.2801811341936039,0.34796689246625
Endogenous,RASGRP2,NM_001098670.1,297.1111111111111,0.2039786099150739,0.19103920209088576,1.0677316890071196,0.28564155973352606,0.3540346092471872
Endogenous,COL2A1,NM_001844.4,629.3944444444444,-0.34907281624696057,0.33371554102479123,-1.046019059151424,0.295552232950369,0.3655826817217416
Endogenous,COL5A2,NM_000393.3,4240.9944444444445,0.1713142284310081,0.16636324682814038,1.0297600683880754,0.30312264999734195,0.37419549578830186
Endogenous,LAT,NM_001014987.1,529.4666666666667,-0.12997452644708635,0.12740068872295598,-1.020202698666154,0.30763233802253004,0.379003040443757
Endogenous,HSPB1,NM_001540.3,8416.394444444444,-0.15515396748157653,0.15232366577187736,-1.018580840313664,0.3084020041065976,0.3791928832927428
Endogenous,TCF7L1,NM_031283.1,579.6666666666666,0.14189241045216885,0.13985079847755308,1.0145985006652891,0.31029725435746086,0.3800212245228417
Endogenous,POLR2J,NM_006234.4,202.6,-0.07212745288450469,0.0710914555368621,-1.0145727407016643,0.3103095388555022,0.3800212245228417
Housekeeping,GPATCH3,NM_022078.2,172.61111111111111,0.05414645956612187,0.05392119150942498,1.0041777277243125,0.31529295545605446,0.38535805666851103
Endogenous,MAPK12,NM_002969.3,117.52777777777777,0.1386245397172259,0.14137060383422578,0.9805754234436179,0.32680215880922764,0.3986339204484836
Endogenous,LFNG,NM_001040168.1,701.6666666666666,-0.15952603129675227,0.16405612932419722,-0.9723869016896476,0.33085810570972846,0.4027837808640173
Endogenous,JAK2,NM_004972.2,1497.7388888888888,-0.08952568873024505,0.09379315646730807,-0.9545012888168396,0.33982995723438636,0.4124998898835996
Endogenous,PRKX,NM_005044.1,225.17777777777778,-0.11945025893171707,0.12523450790464888,-0.9538126585897888,0.34017848061829314,0.4124998898835996
Endogenous,DDIT4,NM_019058.2,1503.9333333333334,-0.20861773072282663,0.22163431286212357,-0.9412700047605246,0.3465665100135183,0.41942037361164497
Endogenous,TLR4,NM_138554.2,572.5944444444444,-0.10123231087159329,0.10809302050268035,-0.9365295779581168,0.3490005910843856,0.4214309205690494
Endogenous,MLF1,NM_022443.3,484.1611111111111,-0.11328189268625015,0.12110879002548579,-0.93537300358142,0.3495961045629615,0.4214309205690494
Endogenous,PTCH1,NM_000264.3,214.0611111111111,0.1329348215786512,0.14295532894966076,0.9299046251396608,0.3524204680725144,0.4240058756497439
Endogenous,GLI3,NM_000168.5,712.2333333333333,-0.11766724194582366,0.1278545086185211,-0.9203214123399188,0.35740482277926183,0.42916446555950344
Endogenous,PLCE1,NM_001165979.1,295.81111111111113,0.138270294421939,0.15476750877212797,0.8934064747757964,0.3716395365429946,0.4453890165573631
Endogenous,DUSP4,NM_057158.2,1319.5944444444444,-0.18974944572282157,0.21275567515608074,-0.891865495872759,0.3724650307707324,0.44551157078596343
Endogenous,IL1RAP,NM_002182.2,231.0222222222222,-0.1074570718216486,0.12171576357688879,-0.8828525464885009,0.3773159454228968,0.4504391906598923
Endogenous,WNT4,NM_030761.3,94.08333333333333,-0.15551031527126044,0.17651524651611242,-0.8810021702973141,0.3783166453156272,0.4507602582484069
Endogenous,CACNA1D,NM_000720.2,274.7,-0.17397437277620106,0.20197480546284832,-0.8613667055032875,0.3890361073618423,0.4618923044198135
Endogenous,SMAD4,NM_005359.3,1659.138888888889,-0.05389604766469136,0.06261992864924394,-0.8606852295629706,0.38941143026497194,0.4618923044198135
Endogenous,FASLG,NM_000639.1,72.2,-0.12617558584751695,0.14675295582682205,-0.8597822451795266,0.3899090881465958,0.4618923044198135
Endogenous,DDIT3,NM_004083.4,715.5555555555555,-0.08573256359229743,0.10006367544119917,-0.8567800774285651,0.39156643805157854,0.4629653087135746
Endogenous,CD14,NM_000591.2,1662.8,-0.14323039844222554,0.1706880381531202,-0.8391355363387383,0.4013932565575366,0.47367480084184393
Endogenous,HSPA2,NM_021979.3,415.27777777777777,0.18195615237409965,0.21733086076528682,0.8372310850533502,0.4024626877370197,0.4740287106042144
Endogenous,TGFB3,NM_003239.2,1597.5833333333333,0.11588080228407738,0.14276610835917627,0.8116828539763804,0.4169736353185258,0.4901827468629998
Endogenous,HDAC4,NM_006037.3,332.73333333333335,-0.06687212860309422,0.08367545407846018,-0.7991845319463705,0.4241834196744477,0.497708545751352
Endogenous,IL7R,NM_002185.2,810.2777777777778,-0.14933792697898818,0.18864151860426134,-0.7916493043733093,0.4285651897748783,0.5018938344131655
Endogenous,JAG2,NM_145159.1,1033.5555555555557,-0.0712264783938797,0.09176433183797496,-0.7761891463411054,0.43763731361408853,0.5115457024407563
Endogenous,TGFB1,NM_000660.3,1940.4333333333334,-0.07831894231896626,0.10151732321947661,-0.7714835245374198,0.4404203842475869,0.5138237816221848
Endogenous,HDAC10,NM_032019.5,725.5944444444444,-0.07665814909658579,0.10054395314605223,-0.7624342061151164,0.44580089730907174,0.5191178690782385
Endogenous,EGF,NM_001963.3,124,-0.1377910946443322,0.18293844161960135,-0.7532101696310081,0.4513236291813657,0.5245572746711722
Endogenous,BIRC3,NM_182962.1,186.0611111111111,-0.126593629355657,0.170292786125447,-0.7433880919794288,0.45724675167071693,0.5304406761377808
Endogenous,PPP3CA,NM_000944.4,599.9222222222222,-0.07653984406875411,0.10389525056021584,-0.7367020499593769,0.46130355994072714,0.5341409641418946
Endogenous,EPOR,NM_000121.2,268.7888888888889,-0.1110944800067113,0.1520060421937784,-0.7308556844410649,0.4648673067512942,0.5372575252510267
Endogenous,SOX9,NM_000346.2,1467.6722222222222,-0.12150630273400806,0.16810057116269453,-0.722819095102356,0.4697910342430719,0.5419312305126073
Endogenous,FGF11,NM_004112.2,216.68333333333334,0.10721443140218904,0.15121676650264138,0.7090115327939926,0.4783173200716751,0.5503014837340202
Endogenous,PRKAR1B,NM_001164759.1,228.7722222222222,-0.078213449597829,0.11044296414146444,-0.7081795586149496,0.4788337585737579,0.5503014837340202
Endogenous,PRKAR2B,NM_002736.2,756.45,0.10342733387450205,0.1529772380437206,0.6760962297210695,0.49897955027998464,0.5723862252746192
Endogenous,IL3RA,NM_002183.2,131.60555555555555,0.09036492366534223,0.13508659790973107,0.6689407022133076,0.5035333048429445,0.5765362746900627
Endogenous,IL6R,NM_000565.2,422.97777777777776,-0.08399378051583684,0.1271214849664306,-0.660736306990257,0.5087814356542202,0.5814644978905373
Endogenous,CREBBP,NM_004380.2,196.65555555555557,-0.06243196272351124,0.09695641481095832,-0.6439178144657942,0.5196287292009761,0.5927616614588913
Endogenous,LAMB3,NM_000228.2,310.52222222222224,0.1228785989020061,0.1941964323709216,0.63275415208094,0.5268942009580766,0.5999386835308229
Housekeeping,FCF1,NM_015962.4,3302.527777777778,-0.025168237407320288,0.040349274643810724,-0.6237593520452767,0.5327856381312678,0.6055275887248357
Endogenous,DDB2,NM_000107.1,338.72222222222223,0.05929853246437278,0.09595261028481548,0.61799811686578765,0.5365765799478684,0.6087130262392025
Endogenous,INHBB,NM_002193.2,511.9222222222222,-0.11386642462101441,0.18501568312853606,-0.6154420138638081,0.5382628524837862,0.609503524136052
Endogenous,NOTCH1,NM_017617.3,1162.9444444444443,-0.0670563500844033,0.11310379697774227,-0.5928744381375574,0.5532651861258846,0.6253419351441192
Endogenous,SFN,NM_006142.3,1061.5222222222221,0.11078206241444971,0.18739052910562326,0.5911828252110172,0.5543979290838044,0.6254745866586511
Endogenous,PML,NM_002675.3,3032.761111111111,-0.050097456799609114,0.085210973909416,-0.5879225937831141,0.556584250346732,0.6267932325659724
Endogenous,WNT6,NM_006522.3,129.65,0.08705753714322273,0.15101839892045532,0.5764697398830048,0.5642977175919632,0.6343200621106739
Endogenous,TNC,NM_002160.3,182.12222222222223,-0.09901750106962706,0.17296690094713393,-0.572465023813377,0.5670069747808328,0.6362045472950693
Endogenous,CIC,NM_015125.3,936.2611111111111,0.051215904885732036,0.0912122040201457,0.5615027663888066,0.5744548449704328,0.6433894263668848
Endogenous,CLCF1,NM_013246.2,80.9888888888889,-0.08145112210921973,0.14661515074896028,-0.5555436917203956,0.578522833842319,0.6458333534388462
Endogenous,MAPK8IP1,NM_005456.2,114.82222222222222,0.10406946217189161,0.18743310794004928,0.5552352159959828,0.5787337842503946,0.6458333534388462
Endogenous,MMP3,NM_002422.3,319.02222222222224,0.1162385450276742,0.21824493027027655,0.5326059344596151,0.5943063932536867,0.6620121848901827
Endogenous,COL27A1,NM_032888.2,835.1722222222222,0.07804390725174692,0.14732240807652022,0.5297490603819781,0.596285927689435,0.6630182878279639
Endogenous,LRP2,NM_004525.2,377.1388888888889,0.14463205732197376,0.2767148212740843,0.5226754991150857,0.601200091094459,0.6667999085757805
Endogenous,SOS2,NM_006939.2,1113.6888888888889,0.045275034759477424,0.08677712362555894,0.5217392887420196,0.601851865532685,0.6667999085757805
Endogenous,ATM,NM_138292.3,619.1666666666666,-0.04807864475459604,0.09534406121183475,-0.5042647034698391,0.6140753774528034,0.6791210637539082
Endogenous,FLT3,NM_004119.1,92,0.08493924718523549,0.16970688936758133,0.5005055923290125,0.6167191194044036,0.6800639860372768
Endogenous,RPS6KA5,NM_004755.2,579.7888888888889,0.043392548564935074,0.08680011385988491,0.499913498212462,0.6171359873292821,0.6800639860372768
Endogenous,NFKBIZ,NM_001005474.1,1785.0444444444445,0.08022221520683613,0.16136892932239286,0.4971354494554724,0.6190935376897685,0.6810028914587454
Endogenous,LAMC2,NM_005562.2,284.8666666666667,0.0873875446557387,0.18108985516234244,0.4825645510478651,0.6294049543207104,0.6908274935999914
Endogenous,BMPR1B,NM_001203.1,1796.6166666666666,0.15716118255104622,0.3265010129076956,0.4813497549408121,0.6302679405896026,0.6908274935999914
Endogenous,FZD2,NM_001466.2,73.57222222222222,-0.047414928543226105,0.09906467466188579,-0.47862599564432384,0.6322047214599033,0.6917195531426295
Endogenous,GPC4,NM_001448.2,429.94444444444446,0.06885462073068696,0.1464740023137128,0.4700808310215801,0.6382972688861898,0.6962643425306712
Endogenous,LTBP1,NM_000627.3,908.8055555555555,0.07302015248775871,0.15548428702096626,0.4696304294588451,0.6386190804055668,0.6962643425306712
Endogenous,MAP2K6,NM_002758.3,168.15555555555557,0.05925890241077102,0.1277516872170486,0.46386003740280035,0.6427480258385995,0.698042029814965
Endogenous,NASP,NM_172164.1,263.6666666666667,-0.04064280863982034,0.08762804968046438,-0.4638104897692498,0.642783527218715,0.698042029814965
Endogenous,WNT3,NM_030753.3,133.83333333333334,0.07267571995158918,0.15710179315092426,0.46260273987943096,0.6436491443748378,0.698042029814965
Endogenous,PDGFA,NM_002607.5,257.5777777777778,-0.05552348595511743,0.12211245881518652,-0.4546914089998837,0.6493312623093674,0.7017974703581608
Endogenous,MAP3K12,NM_006301.2,254.65,0.0546406516369547,0.12019261509842703,0.4546090589027361,0.6493905164028435,0.7017974703581608
Endogenous,IL8,NM_000584.2,445.69444444444446,-0.10778229111398548,0.23823689747402937,-0.4524164487397886,0.650968999417715,0.7022712848359238
Endogenous,NFE2L2,NM_006164.3,1108.5833333333333,-0.03648227655145242,0.08160607857968945,-0.44705342036288365,0.6548364895301195,0.7052085271862826
Endogenous,IL11,NM_000641.2,65.92222222222222,-0.05976979268777423,0.1347429004838962,-0.44358398455967346,0.6573433868473114,0.7066728207642998
Endogenous,TMPRSS2,NM_005656.2,270.18888888888887,-0.09296419974557171,0.212383472818772,-0.4377186158213854,0.6615902730625696,0.7099993174330015
Housekeeping,ZNF346,NM_012279.2,373.5833333333333,-0.02785826742239465,0.06638966673676257,-0.4196175216973703,0.6747648862273072,0.7228785563756891
Endogenous,VEGFC,NM_005429.2,355.4277777777778,0.04320702968889557,0.10695837014633779,0.4039611825589786,0.6862412640722486,0.7338969074105992
Endogenous,IL15,NM_172174.1,130.5222222222222,-0.044593208589161396,0.11217456172739206,-0.397534056763532,0.6909736775172128,0.7368703868299409
Endogenous,KAT2B,NM_003884.3,405.31666666666666,0.04519038466695724,0.11384782005008152,0.3969367586228532,0.6914140967332888,0.7368703868299409
Endogenous,THEM4,NM_053055.4,482.56111111111113,-0.035566341198497435,0.09067121226266836,-0.3922561561817896,0.6948689553081973,0.7392733617786693
Endogenous,CSF1R,NM_005211.2,161.0888888888889,-0.04163503293283137,0.10719700629960305,-0.3883973477437079,0.6977220066729046,0.7410288898457056
Endogenous,BRAF,NM_004333.3,1073.0611111111111,-0.02574965286420906,0.0685724736930327,-0.3755100476537913,0.7072811753089215,0.7498884750263265
Endogenous,HHEX,NM_002729.4,390.93888888888887,-0.04918278086820432,0.15008242602606353,-0.327705129577684,0.7431346245459072,0.786547987491888
Endogenous,CACNA2D2,NM_001005505.1,147.92222222222222,0.07120122445977814,0.2249442918852634,0.31652825623197195,0.7516015814439332,0.7941450671860426
Endogenous,PLCB1,NM_182734.1,454.8222222222222,0.061004816022802485,0.2014030357067681,0.3028991882308179,0.7619666900101791,0.8037182894627917
Endogenous,PLA2G4C,NM_003706.2,255.70555555555555,-0.03599820768822801,0.12686736518132252,-0.28374679049082735,0.776604434131782,0.8177578314960303
Endogenous,XPA,NM_000380.3,504.9111111111111,0.02875122426278028,0.1044073709951911,0.27537542597547576,0.78302782174862,0.8231145703023036
Endogenous,CASP9,NM_001229.2,170.20555555555555,-0.023388199959684112,0.08750647219921318,-0.2672739441082669,0.7892582468378324,0.8282505622693437
Endogenous,CCR7,NM_001838.2,160.12222222222223,-0.055827940688122024,0.22044233262856622,-0.2532541731999778,0.800071806418868,0.8381195793909968
Housekeeping,PIAS1,NM_016166.1,831.0055555555556,0.017951763121221983,0.07136272349057962,0.25155658645219364,0.8013838186060017,0.8381195793909968
Endogenous,CDKN1B,NM_004064.2,302.56111111111113,-0.019160904828456306,0.08853300072167668,-0.2164266959468922,0.828655158986554,0.865172165992741
Endogenous,SMAD2,NM_001003652.1,1784.138888888889,-0.01252849802298788,0.061757568683860876,-0.20286579102752075,0.8392399330859158,0.874541416363126
Endogenous,COMP,NM_000095.2,2962.9,0.04635784942930119,0.23434439352747163,0.19781932365225016,0.8431864268400859,0.874541416363126
Endogenous,ALKBH2,NM_001001655.2,182.7277777777778,-0.01583268163550273,0.08008741111548673,-0.19769251390423734,0.8432856471629735,0.874541416363126
Endogenous,PRKCB,NM_212535.1,285.9277777777778,0.036415762245243705,0.18423043026478947,0.19766420885466263,0.8433077943501572,0.874541416363126
Endogenous,FOXO4,NM_005938.2,379.99444444444447,0.01643036930874136,0.087197250827336,0.18842760698128,0.8505414600431349,0.8805605703975986
Endogenous,BCL2A1,NM_004049.2,153.19444444444446,-0.03338234238996371,0.18518095859312844,-0.18026876328742816,0.8569415772007319,0.8856980059658572
Endogenous,CREB3L1,NM_052854.1,1572.9,0.025490189629641256,0.1836730790402342,0.13878021625617518,0.8896238278268501,0.9179368139720933
Endogenous,PPP2CB,NM_001009552.1,2003.05,0.01139085159273579,0.08457246345221121,0.1346874754236329,0.8928589761162994,0.9197343299124422
Endogenous,GNAQ,NM_002072.2,1292.5611111111111,-0.009705864607386507,0.0773872701448897,-0.12541939506606872,0.9001915343067141,0.9257395411234323
Endogenous,FGFR1,NM_015850.2,2069.7722222222224,0.02052044177276008,0.16975970993642775,0.12087934045389598,0.9037866060926574,0.9278875822551282
Endogenous,NOTCH3,NM_000435.2,3324.3888888888887,0.011678974274342018,0.10293869905743538,0.11345562340772979,0.9096693432380696,0.9323732369960913
Endogenous,MGMT,NM_002412.3,819.9111111111112,0.0076098424314553674,0.08079866700625499,0.09418277198640239,0.9249639698992992,0.9447668930978291
Housekeeping,CNOT4,NM_001190848.1,822.9166666666666,-0.005162708839209814,0.05537106614525049,-0.09323838601313712,0.9257141795687868,0.9447668930978291
Endogenous,GNA11,NM_002067.1,1619.4055555555556,0.006717584264347707,0.07268340943412722,0.09242252553432892,0.92636234323228694,0.9447668930978291
Endogenous,TNFRSF10B,NM_003842.3,226.5,-0.005316435285383139,0.08460459449900168,-0.06283861197923327,0.9498950186967882,0.9671658372185479
Endogenous,SMO,NM_005631.3,228.51111111111112,0.005744532312391591,0.12760403406297768,0.04501842245486091,0.9640926248447016,0.979373740046358
Endogenous,JAK1,NM_002227.1,2241.9444444444443,0.003338880658093972,0.07623207571380897,0.04379889471498615,0.9650647081300964,0.979373740046358
Endogenous,PTEN,NM_000314.3,3065.2,-0.003460989727183565,0.08810280856149061,-0.039283534585256685,0.9686643339807418,0.9808784329429004
Endogenous,MAP3K8,NM_005204.2,466.3888888888889,-0.004205794796001736,0.1108412618760098,-0.03794430634240215,0.9697320871140037,0.9808784329429004
Endogenous,CACNA1C,NM_199460.2,197.41666666666666,0.003991914926555705,0.1203885633160395,0.03315858929287394,0.973548120905781,0.9814061649640529
Endogenous,CDK6,NM_001259.5,627.1888888888889,-0.004273997269106711,0.12927815731014855,-0.03306047485541624,0.9736263620032798,0.9814061649640529
Endogenous,FST,NM_006350.2,297.27222222222224,0.005497090851436653,0.1756477706783957,0.031296103731948945,0.9750333976590915,0.9814061649640529
Endogenous,COL5A1,NM_000093.3,10278.961111111112,0.00430883515763257,0.16957626852730096,0.02540942311712012,0.9797283949751447,0.984523150578612
Endogenous,MAPK10,NM_002753.2,214.9,-0.003014138598946535,0.1865999866040738,-0.01615294113253024,0.987112378095597,0.9903277278613808
Endogenous,MFNG,NM_002405.2,296.6388888888889,4.4770474837070774e-4,0.12369339997070058,0.0036194716005603866,0.9971120857972058,0.9980774347313783
Endogenous,IL20RA,NM_014432.2,140.34444444444443,-4.267388750978618e-4,0.1771008953551221,-0.0024095805627756227,0.9980774347313783,0.9980774347313783
